csl, 2020-05-05, 307, 305.72, 309.16, 304.02, 647630
cba, 2020-05-05, 60.6, 60.85, 61.19, 60.15, 3800096
bhp, 2020-05-05, 30.25, 30.69, 30.69, 30.14, 4854908
wbc, 2020-05-05, 15.95, 16.2, 16.2, 15.84, 11678036
nab, 2020-05-05, 16.73, 16.99, 16.99, 16.56, 28753496
anz, 2020-05-05, 16.27, 16.45, 16.46, 16.19, 7249285
wow, 2020-05-05, 35.35, 35.31, 35.53, 34.98, 2466018
wes, 2020-05-05, 36.77, 37.05, 37.27, 36.61, 1523993
tcl, 2020-05-05, 13.8, 13.8, 13.89, 13.6, 5764919
tls, 2020-05-05, 3.1, 3.09, 3.105, 3.05, 20083271
mqg, 2020-05-05, 98.03, 100.24, 100.58, 98.03, 1137653
fmg, 2020-05-05, 10.95, 11.03, 11.1, 10.85, 8433137
rio, 2020-05-05, 82.12, 82.75, 83.06, 81.63, 1323805
gmg, 2020-05-05, 13.33, 13.6, 13.68, 13.29, 3735812
ncm, 2020-05-05, 26.78, 27.77, 28.03, 26.44, 6648518
wpl, 2020-05-05, 21.32, 21.89, 21.91, 21.12, 2832102
col, 2020-05-05, 15.54, 15.47, 15.615, 15.28, 3872088
bxb, 2020-05-05, 10.65, 10.7, 10.85, 10.64, 3128887
asx, 2020-05-05, 83.24, 83.46, 83.85, 81.98, 369112
all, 2020-05-05, 23.9, 24.7, 24.7, 23.75, 1419574
fph, 2020-05-05, 25.74, 26.16, 26.79, 25.74, 483125
rhc, 2020-05-05, 63, 63.15, 63.82, 62.21, 656787
a2m, 2020-05-05, 18.74, 18.77, 18.9, 18.59, 1575649
apa, 2020-05-05, 11.1, 11.24, 11.25, 11.01, 1405282
amc, 2020-05-05, 13.49, 13.47, 13.66, 13.36, 3599150
syd, 2020-05-05, 5.9, 5.68, 5.93, 5.68, 10001240
iag, 2020-05-05, 5.48, 5.49, 5.51, 5.38, 7791306
shl, 2020-05-05, 26.4, 26.37, 26.65, 26.26, 1500128
coh, 2020-05-05, 182.66, 182, 183.44, 179.68, 185576
rea, 2020-05-05, 85.88, 87.1, 88.19, 85.78, 263064
scg, 2020-05-05, 2.12, 2.18, 2.22, 2.12, 21955024
xro, 2020-05-05, 80.01, 79.69, 80.3, 78.8, 365748
qbe, 2020-05-05, 7.7, 7.75, 7.83, 7.67, 6531183
sun, 2020-05-05, 8.7, 8.89, 8.89, 8.665, 3158660
agl, 2020-05-05, 16.34, 16.36, 16.79, 16.31, 2975099
apt, 2020-05-05, 36.9, 38.18, 38.18, 36.48, 4142140
sto, 2020-05-05, 4.69, 4.83, 4.86, 4.64, 12724312
dxs, 2020-05-05, 8.74, 9.04, 9.06, 8.74, 4635731
org, 2020-05-05, 5.39, 5.55, 5.63, 5.36, 7612960
jhx, 2020-05-05, 21.54, 21.82, 22.3, 21.32, 2752767
nst, 2020-05-05, 12.5, 12.77, 12.86, 12.34, 2952729
mfg, 2020-05-05, 48.88, 50.53, 50.59, 48.4, 712384
s32, 2020-05-05, 1.865, 1.89, 1.91, 1.86, 20234544
evn, 2020-05-05, 5.08, 5.23, 5.24, 5.04, 10009130
azj, 2020-05-05, 4.66, 4.61, 4.72, 4.58, 3729487
mgr, 2020-05-05, 2.12, 2.21, 2.23, 2.11, 12523369
rmd, 2020-05-05, 24.16, 23.85, 24.23, 23.73, 1584488
aia, 2020-05-05, 5.53, 5.59, 5.67, 5.46, 710531
llc, 2020-05-05, 12.23, 11.69, 12.27, 11.69, 9456938
spk, 2020-05-05, 4.19, 4.17, 4.23, 4.15, 691291
gpt, 2020-05-05, 3.77, 3.82, 3.87, 3.72, 5004646
cim, 2020-05-05, 23.18, 23.25, 23.74, 23.05, 284250
mpl, 2020-05-05, 2.69, 2.66, 2.69, 2.64, 7193327
twe, 2020-05-05, 9.83, 9.97, 10.01, 9.77, 2211397
ast, 2020-05-05, 1.89, 1.89, 1.9, 1.87, 6349464
afi, 2020-05-05, 5.74, 5.74, 5.79, 5.73, 383074
ori, 2020-05-05, 16.7, 16.9, 16.96, 16.67, 848421
tpm, 2020-05-05, 6.96, 7.14, 7.17, 6.93, 1117282
sgp, 2020-05-05, 2.63, 2.7, 2.75, 2.62, 6705252
tah, 2020-05-05, 3.08, 3.13, 3.14, 3.07, 3416481
cpu, 2020-05-05, 11.5, 11.7, 11.75, 11.43, 1053163
cwn, 2020-05-05, 9.39, 9.26, 9.4, 9.16, 1856235
osh, 2020-05-05, 2.92, 2.96, 2.99, 2.9, 13383250
wtc, 2020-05-05, 19.13, 19.16, 19.28, 18.7, 824786
ctx, 2020-05-05, 23.6, 24.35, 24.57, 23.6, 932626
ccl, 2020-05-05, 8.2, 8.17, 8.31, 8.16, 2651050
sek, 2020-05-05, 16, 16.63, 16.75, 16, 1246271
mcy, 2020-05-05, 4.22, 4.25, 4.25, 4.22, 511
qan, 2020-05-05, 3.7, 3.62, 3.76, 3.58, 14373024
reh, 2020-05-05, 8.15, 8.24, 8.26, 8.05, 462256
mez, 2020-05-05, 4.2, 4.22, 4.29, 4.19, 33632
alx, 2020-05-05, 5.86, 6.02, 6.07, 5.84, 3505533
bsl, 2020-05-05, 9.85, 10.36, 10.4, 9.81, 2942059
arg, 2020-05-05, 7.15, 7.17, 7.24, 7.12, 149935
vcx, 2020-05-05, 1.37, 1.385, 1.405, 1.36, 13338247
dmp, 2020-05-05, 56.78, 57.1, 57.97, 56.58, 277948
amp, 2020-05-05, 1.385, 1.405, 1.415, 1.375, 6557079
sar, 2020-05-05, 4.25, 4.37, 4.38, 4.18, 6933454
vas, 2020-05-05, 67.82, 68.61, 68.66, 67.78, 154326
svw, 2020-05-05, 13.38, 13.8, 13.83, 13.2, 431254
alu, 2020-05-05, 34.11, 35.01, 35.33, 34.11, 865590
awc, 2020-05-05, 1.58, 1.585, 1.6, 1.555, 9878659
wor, 2020-05-05, 8.13, 8.27, 8.3, 8.05, 1801111
qub, 2020-05-05, 2.58, 2.61, 2.65, 2.53, 10975961
sol, 2020-05-05, 17.59, 17.69, 17.97, 17.56, 449281
iel, 2020-05-05, 14.99, 15.01, 15.7, 14.69, 951175
nxt, 2020-05-05, 9.61, 9.45, 9.76, 9.44, 2728513
jbh, 2020-05-05, 33.8, 33.95, 34.21, 33.32, 552725
ann, 2020-05-05, 29.2, 29.31, 29.48, 28.92, 317997
cwy, 2020-05-05, 1.795, 1.8, 1.84, 1.782, 4878008
ipl, 2020-05-05, 2.32, 2.28, 2.36, 2.26, 4680595
ebo, 2020-05-05, 21.3, 21.28, 21.31, 21.28, 3435
hvn, 2020-05-05, 2.77, 2.78, 2.8, 2.74, 1845603
chc, 2020-05-05, 7.02, 7.31, 7.31, 7.02, 1474500
car, 2020-05-05, 13.6, 13.81, 13.92, 13.55, 701172
ski, 2020-05-05, 1.91, 1.93, 1.95, 1.89, 5277553
bld, 2020-05-05, 2.72, 2.71, 2.775, 2.68, 8748717
bpt, 2020-05-05, 1.435, 1.455, 1.46, 1.39, 13010485
stw, 2020-05-05, 49.61, 50.18, 50.19, 49.59, 247241
alq, 2020-05-05, 6.62, 6.8, 6.88, 6.51, 1061623
ben, 2020-05-05, 6.01, 6.14, 6.14, 5.95, 3398487
apx, 2020-05-05, 25.86, 26.59, 26.69, 25.85, 670280
min, 2020-05-05, 16.28, 16.61, 16.69, 16.07, 820873
ilu, 2020-05-05, 7.24, 7.4, 7.43, 7.15, 1178479
ivv, 2020-05-05, 443.02, 441.96, 444.58, 441.3, 10480
tne, 2020-05-05, 9.63, 9.64, 9.65, 9.19, 1365378
ora, 2020-05-05, 2.47, 2.48, 2.49, 2.44, 4068811
cnu, 2020-05-05, 6.62, 6.68, 6.76, 6.59, 447145
yal, 2020-05-05, 2.2, 2.2, 2.2, 2.16, 27226
vea, 2020-05-05, 1.445, 1.475, 1.485, 1.42, 3559912
cgf, 2020-05-05, 4.4, 4.63, 4.63, 4.4, 2787747
fbu, 2020-05-05, 3.4, 3.42, 3.51, 3.37, 713665
ozl, 2020-05-05, 8.39, 8.63, 8.9, 8.39, 1512418
ift, 2020-05-05, 4.2, 4.2, 4.2, 4.2, 200
igo, 2020-05-05, 4.49, 4.65, 4.66, 4.49, 3311332
gne, 2020-05-05, 2.7, 2.63, 2.75, 2.63, 7086
pme, 2020-05-05, 25.24, 26.13, 26.16, 25.24, 267627
sdf, 2020-05-05, 3.05, 3.05, 3.11, 3.02, 1595697
mlt, 2020-05-05, 3.78, 3.87, 3.87, 3.78, 152765
mts, 2020-05-05, 2.51, 2.44, 2.51, 2.425, 5154950
sgr, 2020-05-05, 2.71, 2.69, 2.83, 2.66, 3717858
pmv, 2020-05-05, 15.3, 15.37, 15.74, 15.23, 403197
dow, 2020-05-05, 4.01, 4.08, 4.12, 3.99, 3267677
nec, 2020-05-05, 1.415, 1.4, 1.45, 1.365, 6219286
rrl, 2020-05-05, 4.54, 4.6, 4.71, 4.51, 3692104
brg, 2020-05-05, 17.39, 17.85, 17.99, 16.81, 134057
scp, 2020-05-05, 2.16, 2.2, 2.21, 2.15, 3542940
bwp, 2020-05-05, 3.55, 3.57, 3.63, 3.53, 1163111
goz, 2020-05-05, 2.82, 2.92, 2.95, 2.8, 1456716
nhf, 2020-05-05, 4.99, 4.91, 5.09, 4.885, 651099
mgg, 2020-05-05, 1.765, 1.79, 1.79, 1.76, 642533
boq, 2020-05-05, 4.82, 4.81, 4.88, 4.76, 2502711
ptm, 2020-05-05, 3.46, 3.46, 3.46, 3.42, 531576
nan, 2020-05-05, 6.81, 6.75, 6.82, 6.64, 674848
clw, 2020-05-05, 4.01, 4.07, 4.12, 4, 3600724
cmw, 2020-05-05, 0.74, 0.76, 0.77, 0.735, 4065621
bkw, 2020-05-05, 12.9, 13.19, 13.27, 12.8, 272869
hta, 2020-05-05, 0.145, 0.145, 0.145, 0.145, 5262
nuf, 2020-05-05, 5.31, 5.14, 5.33, 5.095, 1642349
lnk, 2020-05-05, 3.61, 3.67, 3.69, 3.58, 1563194
rwc, 2020-05-05, 2.48, 2.45, 2.52, 2.41, 2678615
ire, 2020-05-05, 11.04, 10.95, 11.285, 10.9, 434864
ioz, 2020-05-05, 21.88, 22.12, 22.14, 21.88, 383703
mp1, 2020-05-05, 12.4, 12.22, 12.43, 12.06, 481321
vvr, 2020-05-05, 2.28, 2.34, 2.34, 2.28, 3453026
whc, 2020-05-05, 1.76, 1.775, 1.792, 1.72, 4718313
flt, 2020-05-05, 9.76, 10.02, 10.3, 9.61, 3817339
voc, 2020-05-05, 2.85, 2.88, 2.94, 2.84, 877735
nwl, 2020-05-05, 7.21, 7.49, 7.57, 7.21, 590400
sbm, 2020-05-05, 2.5, 2.53, 2.56, 2.5, 3722966
msb, 2020-05-05, 3.28, 3.28, 3.32, 3.18, 5838105
pdl, 2020-05-05, 5.27, 5.38, 5.42, 5.25, 636124
ioo, 2020-05-05, 76, 75.52, 76.99, 75.38, 21984
cqr, 2020-05-05, 3.08, 3.08, 3.21, 3.06, 12412678
slr, 2020-05-05, 1.945, 1.945, 1.965, 1.905, 6968093
csr, 2020-05-05, 3.56, 3.52, 3.57, 3.465, 1885169
abc, 2020-05-05, 2.5, 2.5, 2.58, 2.5, 2096616
abp, 2020-05-05, 2.44, 2.48, 2.51, 2.43, 1127405
iph, 2020-05-05, 7.49, 7.43, 7.53, 7.375, 420991
dhg, 2020-05-05, 2.55, 2.72, 2.73, 2.53, 3066667
mff, 2020-05-05, 2.88, 2.89, 2.92, 2.85, 225971
bap, 2020-05-05, 4.7, 4.85, 4.87, 4.7, 969829
skc, 2020-05-05, 2.38, 2.34, 2.41, 2.32, 851702
hls, 2020-05-05, 2.55, 2.45, 2.55, 2.43, 643628
pnv, 2020-05-05, 2.12, 2.29, 2.35, 2.085, 9501463
ifl, 2020-05-05, 4.16, 4.28, 4.31, 4.07, 806409
bin, 2020-05-05, 2.23, 2.29, 2.33, 2.23, 1681197
tyr, 2020-05-05, 2.79, 3, 3.02, 2.7, 2773451
ivc, 2020-05-05, 10.32, 10.59, 10.74, 10.29, 506831
gor, 2020-05-05, 1.61, 1.625, 1.64, 1.565, 5304634
eld, 2020-05-05, 9.19, 9.17, 9.4, 9.105, 827057
tlt, 2020-05-05, 2.97, 2.99, 3, 2.96, 16266
sgm, 2020-05-05, 6.7, 6.8, 6.87, 6.63, 703747
ppt, 2020-05-05, 28.05, 28.91, 28.97, 27.92, 114889
wam, 2020-05-05, 1.87, 1.865, 1.9, 1.855, 420451
aiz, 2020-05-05, 1.215, 1.195, 1.25, 1.19, 1919554
bkl, 2020-05-05, 77.77, 76.15, 78.22, 76.01, 51738
vuk, 2020-05-05, 1.42, 1.42, 1.435, 1.39, 5100686
ctd, 2020-05-05, 12.3, 11.92, 12.55, 11.76, 601585
snz, 2020-05-05, 5.53, 5.53, 5.53, 5.51, 549
fnp, 2020-05-05, 4.34, 4.44, 4.45, 4.33, 346814
sul, 2020-05-05, 6.18, 6.19, 6.3, 6.07, 1067055
lyc, 2020-05-05, 1.705, 1.75, 1.755, 1.695, 5756565
evt, 2020-05-05, 7.33, 7.53, 7.57, 7.33, 45115
ing, 2020-05-05, 3.33, 3.26, 3.35, 3.18, 3823138
pph, 2020-05-05, 4.28, 4.37, 4.39, 4.23, 258633
mxt, 2020-05-05, 1.88, 1.87, 1.88, 1.857, 360906
bvs, 2020-05-05, 4.96, 4.88, 5.05, 4.76, 1918636
arb, 2020-05-05, 15.19, 14.89, 15.19, 14.74, 127372
zel, 2020-05-05, 2.92, 2.96, 3, 2.9, 155843
zim, 2020-05-05, 10.9, 10.9, 10.9, 10.9, 2
sm1, 2020-05-05, 6.57, 6.53, 6.57, 6.45, 113340
nhc, 2020-05-05, 1.415, 1.405, 1.435, 1.385, 2078089
cda, 2020-05-05, 6.32, 6.49, 6.59, 6.04, 565600
pru, 2020-05-05, 0.97, 1, 1, 0.945, 7159164
vhy, 2020-05-05, 45.84, 46.34, 46.37, 45.84, 61795
cgc, 2020-05-05, 2.85, 2.87, 2.89, 2.84, 1180678
ina, 2020-05-05, 3.6, 3.62, 3.65, 3.55, 1854268
ddr, 2020-05-05, 6.9, 6.93, 7.07, 6.9, 78707
iaf, 2020-05-05, 116.35, 116.16, 116.35, 116.08, 19370
ape, 2020-05-05, 4.35, 4.34, 4.44, 4.27, 2843190
cuv, 2020-05-05, 21.54, 22.16, 22.41, 21.54, 94421
crn, 2020-05-05, 1.175, 1.125, 1.18, 1.092, 297013
jhg, 2020-05-05, 28.4, 28.35, 29.02, 28.24, 541306
cen, 2020-05-05, 5.82, 5.82, 5.82, 5.82, 200
bga, 2020-05-05, 4.85, 4.97, 4.97, 4.76, 546497
cip, 2020-05-05, 2.61, 2.64, 2.655, 2.6, 1117477
urw, 2020-05-05, 4.2, 4.23, 4.28, 4.16, 2370833
rms, 2020-05-05, 1.36, 1.345, 1.37, 1.332, 12179808
eml, 2020-05-05, 2.7, 2.89, 2.91, 2.7, 4967028
asb, 2020-05-05, 2.85, 2.87, 2.91, 2.8, 3464856
umg, 2020-05-05, 4.01, 4, 4.12, 3.98, 1049914
z1p, 2020-05-05, 2.43, 2.6, 2.62, 2.39, 11729925
rsg, 2020-05-05, 0.91, 0.915, 0.932, 0.905, 8808889
cof, 2020-05-05, 1.865, 1.925, 1.96, 1.86, 2322766
bki, 2020-05-05, 1.32, 1.34, 1.345, 1.32, 200563
ccp, 2020-05-05, 14.91, 15.2, 15.71, 14.91, 1077647
avn, 2020-05-05, 1.695, 1.72, 1.745, 1.68, 426799
mvw, 2020-05-05, 24.43, 24.79, 24.81, 24.43, 156086
obl, 2020-05-05, 4.08, 3.76, 4.08, 3.66, 988965
avh, 2020-05-05, 0.44, 0.44, 0.445, 0.43, 7627476
aui, 2020-05-05, 7.44, 7.45, 7.52, 7.4, 18469
web, 2020-05-05, 2.77, 2.71, 2.82, 2.68, 6543917
mnd, 2020-05-05, 9.26, 9.58, 9.65, 9.21, 492245
ckf, 2020-05-05, 7.31, 7.68, 7.72, 7.19, 1245670
cia, 2020-05-05, 1.85, 1.9, 1.94, 1.85, 1024309
aub, 2020-05-05, 11.37, 11.92, 12.06, 11.37, 130851
wgx, 2020-05-05, 2.07, 2.2, 2.21, 2.04, 974964
mhh, 2020-05-05, 1.39, 1.41, 1.415, 1.39, 519441
dui, 2020-05-05, 4.12, 4.06, 4.12, 4.06, 25655
vg1, 2020-05-05, 2.11, 2.11, 2.12, 2.09, 92158
gma, 2020-05-05, 2, 2.04, 2.09, 2, 447697
fcl, 2020-05-05, 2.97, 3.08, 3.14, 2.97, 366091
ssm, 2020-05-05, 2.02, 2.02, 2.08, 1.97, 2834963
gnc, 2020-05-05, 3.46, 3.59, 3.605, 3.41, 1401162
lep, 2020-05-05, 4.15, 4.12, 4.15, 4.09, 204073
wle, 2020-05-05, 1, 1.02, 1.02, 0.995, 565046
bgp, 2020-05-05, 3.6, 3.6, 3.6, 3.6, 433
lic, 2020-05-05, 7.42, 7.6, 7.69, 7.39, 93300
tgr, 2020-05-05, 3.74, 3.77, 3.77, 3.69, 1662954
nws, 2020-05-05, 15.26, 15.6, 15.6, 15.26, 62592
cni, 2020-05-05, 1.61, 1.625, 1.67, 1.59, 633642
nic, 2020-05-05, 0.545, 0.555, 0.6, 0.545, 6641140
kgn, 2020-05-05, 7.98, 8.08, 8.17, 7.83, 832549
gud, 2020-05-05, 8.66, 8.77, 8.87, 8.66, 128935
lov, 2020-05-05, 6.69, 6.99, 7.13, 6.69, 448118
slk, 2020-05-05, 3.56, 3.4, 3.57, 3.38, 209536
jin, 2020-05-05, 12.05, 11.89, 12.17, 11.58, 413380
sfr, 2020-05-05, 4.2, 4.16, 4.35, 4.11, 1205810
nbi, 2020-05-05, 1.68, 1.63, 1.68, 1.62, 154000
agg, 2020-05-05, 7.9, 8.13, 8.22, 7.85, 22637
siq, 2020-05-05, 5.14, 5.46, 5.57, 5.14, 645841
ixj, 2020-05-05, 104.02, 103.66, 104.33, 103.44, 15192
shv, 2020-05-05, 7.4, 7.45, 7.57, 7.39, 202688
lsf, 2020-05-05, 1.06, 1.08, 1.11, 1.06, 2159050
mgx, 2020-05-05, 0.59, 0.61, 0.615, 0.575, 2084564
opt, 2020-05-05, 2.48, 2.58, 2.6, 2.45, 269594
coe, 2020-05-05, 0.41, 0.425, 0.425, 0.405, 3048795
vgi, 2020-05-05, 9.71, 9.89, 9.9, 9.7, 6961
cqe, 2020-05-05, 2.3, 2.27, 2.34, 2.21, 3473544
myx, 2020-05-05, 0.42, 0.41, 0.43, 0.4, 8450126
nea, 2020-05-05, 1.45, 1.515, 1.515, 1.425, 5124363
aac, 2020-05-05, 1.105, 1.135, 1.135, 1.105, 160969
waf, 2020-05-05, 0.755, 0.785, 0.79, 0.755, 4646654
gwa, 2020-05-05, 2.6, 2.56, 2.7, 2.525, 519000
era, 2020-05-05, 0.17, 0.18, 0.18, 0.17, 110068
nwh, 2020-05-05, 1.52, 1.555, 1.565, 1.467, 4043879
pni, 2020-05-05, 3.57, 3.52, 3.66, 3.49, 530970
rff, 2020-05-05, 1.94, 1.91, 1.94, 1.89, 443968
pgh, 2020-05-05, 1.865, 1.865, 1.895, 1.84, 251685
ax1, 2020-05-05, 1.15, 1.18, 1.215, 1.145, 3086351
kkc, 2020-05-05, 1.7, 1.725, 1.73, 1.7, 69112
arf, 2020-05-05, 2.09, 2.12, 2.15, 2.09, 415550
dtl, 2020-05-05, 3.78, 4.1, 4.1, 3.78, 491939
hm1, 2020-05-05, 2.8, 2.8, 2.84, 2.79, 189390
hub, 2020-05-05, 9.9, 9.97, 10.22, 9.81, 152805
psi, 2020-05-05, 2.27, 2.3, 2.31, 2.27, 82894
gem, 2020-05-05, 0.855, 0.84, 0.87, 0.827, 3997095
iem, 2020-05-05, 55.79, 54, 55.98, 54, 22009
iap, 2020-05-05, 1.015, 1.01, 1.03, 1.01, 486870
prn, 2020-05-05, 0.89, 0.88, 0.905, 0.87, 4918593
sig, 2020-05-05, 0.585, 0.575, 0.59, 0.565, 965224
idx, 2020-05-05, 3.2, 3.12, 3.23, 3.11, 293808
ore, 2020-05-05, 2.08, 2.16, 2.16, 2.08, 1127823
eos, 2020-05-05, 4.23, 4.2, 4.28, 4.13, 1490414
pbh, 2020-05-05, 4.18, 4.51, 4.57, 4.18, 1217524
wsa, 2020-05-05, 2.04, 2.11, 2.115, 2.04, 874640
maq, 2020-05-05, 26.75, 27.07, 27.07, 26.75, 1411
oml, 2020-05-05, 0.95, 0.965, 0.995, 0.95, 3851082
ifm, 2020-05-05, 1.59, 1.56, 1.6, 1.52, 437606
ocl, 2020-05-05, 5.9, 6.09, 6.12, 5.9, 24533
mich, 2020-05-05, 2.74, 2.75, 2.75, 2.73, 889892
hsn, 2020-05-05, 2.8, 2.81, 2.82, 2.76, 220444
kmd, 2020-05-05, 0.78, 0.785, 0.81, 0.76, 8552310
cin, 2020-05-05, 20.65, 20.93, 21.17, 20.65, 9349
elo, 2020-05-05, 7.1, 7.34, 7.5, 7, 41483
api, 2020-05-05, 1.105, 1.12, 1.125, 1.09, 1995945
ahy, 2020-05-05, 1.025, 1.015, 1.03, 1, 113397
gdi, 2020-05-05, 1.035, 1.015, 1.04, 1, 1044482
jms, 2020-05-05, 0.28, 0.28, 0.285, 0.27, 4660192
djw, 2020-05-05, 2.44, 2.44, 2.47, 2.44, 24904
iri, 2020-05-05, 3.15, 3.16, 3.2, 3.1, 180674
sfy, 2020-05-05, 49.16, 49.42, 49.43, 49, 27321
aef, 2020-05-05, 4.55, 4.7, 4.72, 4.55, 208450
ifn, 2020-05-05, 0.54, 0.535, 0.555, 0.53, 1313430
mms, 2020-05-05, 6, 6.57, 6.62, 5.95, 745822
iaa, 2020-05-05, 90.01, 90.91, 91.23, 90.01, 6056
ieu, 2020-05-05, 56.57, 56.57, 56.82, 56.04, 8838
mvp, 2020-05-05, 7.5, 7.69, 7.89, 7.35, 333473
hmc, 2020-05-05, 2.49, 2.53, 2.92, 2.48, 139336
jlg, 2020-05-05, 2.34, 2.25, 2.36, 2.25, 221537
bub, 2020-05-05, 0.885, 0.89, 0.9, 0.875, 2057461
opc, 2020-05-05, 4.39, 4.69, 4.69, 4.39, 47361
apl, 2020-05-05, 0.925, 0.935, 0.94, 0.925, 490184
vif, 2020-05-05, 51.74, 51.96, 51.97, 51.71, 6220
aqg, 2020-05-05, 8.04, 8.1, 8.21, 7.92, 708532
vg8, 2020-05-05, 2.15, 2.13, 2.15, 2.13, 146667
mah, 2020-05-05, 0.215, 0.215, 0.215, 0.21, 549221
oph, 2020-05-05, 2.32, 2.28, 2.35, 2.28, 165222
pls, 2020-05-05, 0.205, 0.205, 0.21, 0.205, 1768054
slf, 2020-05-05, 9.69, 9.94, 9.98, 9.69, 136151
bwx, 2020-05-05, 3.67, 3.59, 3.7, 3.52, 160328
uwl, 2020-05-05, 1.45, 1.47, 1.515, 1.43, 1526965
alk, 2020-05-05, 0.74, 0.75, 0.775, 0.73, 2463208
fgg, 2020-05-05, 1.11, 1.105, 1.13, 1.1, 298679
reg, 2020-05-05, 1.54, 1.44, 1.575, 1.415, 992621
pl8, 2020-05-05, 0.97, 1.01, 1.01, 0.97, 383595
oca, 2020-05-05, 0.7, 0.7, 0.7, 0.7, 12000
eqt, 2020-05-05, 20.85, 20.54, 20.93, 20.01, 15053
ccx, 2020-05-05, 2.16, 2.21, 2.32, 2.15, 517673
cmm, 2020-05-05, 1.36, 1.3, 1.36, 1.29, 375993
leg, 2020-05-05, 0.18, 0.175, 0.18, 0.175, 3252179
mnf, 2020-05-05, 4.74, 4.94, 4.94, 4.65, 57530
par, 2020-05-05, 1.87, 1.845, 1.875, 1.79, 997348
akp, 2020-05-05, 14.46, 14.65, 14.9, 14.46, 10782
adi, 2020-05-05, 2.09, 2.09, 2.1, 2.06, 201960
whf, 2020-05-05, 4.41, 4.44, 4.45, 4.37, 8035
wgb, 2020-05-05, 1.87, 1.93, 1.93, 1.87, 143140
deg, 2020-05-05, 0.37, 0.35, 0.37, 0.35, 5708128
tpw, 2020-05-05, 3.61, 3.6, 3.78, 3.59, 1618878
ad8, 2020-05-05, 5.52, 5.99, 5.99, 5.52, 289207
hpi, 2020-05-05, 2.45, 2.54, 2.58, 2.45, 374390
pgg, 2020-05-05, 1.46, 1.45, 1.47, 1.45, 155341
bgl, 2020-05-05, 0.57, 0.575, 0.59, 0.565, 1814836
imd, 2020-05-05, 0.985, 0.985, 1.005, 0.955, 1254378
ppc, 2020-05-05, 0.74, 0.79, 0.79, 0.735, 29784
ehe, 2020-05-05, 1.5, 1.45, 1.52, 1.45, 972792
ehl, 2020-05-05, 1.065, 1.02, 1.09, 1.01, 1983368
new, 2020-05-05, 1.035, 1.055, 1.07, 1.03, 137854
pci, 2020-05-05, 0.94, 0.92, 0.945, 0.915, 389993
spl, 2020-05-05, 1.01, 0.98, 1.03, 0.98, 311309
sgf, 2020-05-05, 1.335, 1.385, 1.4, 1.305, 149699
fxl, 2020-05-05, 0.89, 0.92, 0.925, 0.885, 2221223
vrl, 2020-05-05, 1.955, 1.855, 1.955, 1.85, 210465
fgx, 2020-05-05, 0.905, 0.905, 0.915, 0.9, 326959
moe, 2020-05-05, 2.35, 2.39, 2.45, 2.31, 136732
tbr, 2020-05-05, 6.48, 6.48, 6.75, 6.29, 63752
fsf, 2020-05-05, 3.48, 3.48, 3.62, 3.48, 5096
sxl, 2020-05-05, 0.135, 0.135, 0.14, 0.13, 17864167
pwh, 2020-05-05, 3.68, 3.56, 3.68, 3.56, 60619
tlx, 2020-05-05, 1.32, 1.4, 1.4, 1.32, 529165
clv, 2020-05-05, 2.07, 2.13, 2.19, 2.04, 940518
bfg, 2020-05-05, 1.11, 1.1, 1.115, 1.06, 427356
nck, 2020-05-05, 4.3, 4.34, 4.43, 4.27, 832338
pai, 2020-05-05, 0.965, 0.965, 0.985, 0.965, 215646
mys, 2020-05-05, 3.77, 3.81, 3.88, 3.77, 60251
pmc, 2020-05-05, 1.2, 1.205, 1.21, 1.19, 143256
chn, 2020-05-05, 1.255, 1.265, 1.295, 1.22, 3850069
gci, 2020-05-05, 1.695, 1.68, 1.7, 1.68, 59338
cwp, 2020-05-05, 4.2, 4.3, 4.35, 4.125, 77927
eof, 2020-05-05, 2.75, 2.8, 2.83, 2.75, 567553
mir, 2020-05-05, 2.02, 2.13, 2.15, 2.02, 79889
lme, 2020-05-05, 1.38, 1.41, 1.415, 1.35, 136717
bbn, 2020-05-05, 2.63, 2.69, 2.77, 2.62, 472363
rdc, 2020-05-05, 0.645, 0.62, 0.645, 0.62, 532198
ive, 2020-05-05, 86.33, 86.23, 87.06, 85.76, 836
uos, 2020-05-05, 0.685, 0.705, 0.705, 0.685, 5752
rmc, 2020-05-05, 0.82, 0.825, 0.84, 0.81, 241483
aof, 2020-05-05, 2.04, 2.01, 2.04, 2, 20555
ht1, 2020-05-05, 1.1, 1.14, 1.15, 1.1, 43059
qri, 2020-05-05, 1.405, 1.4, 1.41, 1.4, 90212
pgf, 2020-05-05, 0.89, 0.88, 0.89, 0.875, 108185
afg, 2020-05-05, 1.52, 1.44, 1.545, 1.415, 743351
pwg, 2020-05-05, 0.85, 0.88, 0.88, 0.85, 3141
vht, 2020-05-05, 1.3, 1.28, 1.3, 1.245, 1001151
kar, 2020-05-05, 0.51, 0.555, 0.555, 0.505, 5723151
aqr, 2020-05-05, 3.16, 3.23, 3.23, 3.15, 355116
ofx, 2020-05-05, 1.23, 1.25, 1.265, 1.21, 565382
gxy, 2020-05-05, 0.71, 0.74, 0.74, 0.71, 1560141
slc, 2020-05-05, 0.785, 0.815, 0.83, 0.77, 1351888
ali, 2020-05-05, 2.13, 2.1, 2.15, 2.1, 87387
cvn, 2020-05-05, 0.185, 0.19, 0.19, 0.185, 2248166
egd, 2020-05-05, 2.44, 2.43, 2.44, 2.43, 9485
zno, 2020-05-05, 1.6, 1.805, 1.805, 1.595, 3906259
mcp, 2020-05-05, 2.58, 2.72, 2.73, 2.57, 241302
pic, 2020-05-05, 0.85, 0.835, 0.855, 0.835, 212456
360, 2020-05-05, 1.965, 1.97, 1.97, 1.95, 43168
mot, 2020-05-05, 1.655, 1.67, 1.705, 1.64, 112293
huo, 2020-05-05, 3.28, 3.27, 3.36, 3.27, 6472
pet, 2020-05-05, 0.49, 0.485, 0.51, 0.48, 1949239
sxy, 2020-05-05, 0.205, 0.195, 0.205, 0.195, 3357088
ama, 2020-05-05, 0.39, 0.385, 0.4, 0.37, 4043671
ijp, 2020-05-05, 78.88, 79.24, 79.24, 78.55, 8227
red, 2020-05-05, 0.195, 0.195, 0.197, 0.19, 4585680
gss, 2020-05-05, 1.955, 1.94, 1.98, 1.93, 273966
rhp, 2020-05-05, 1.74, 1.7, 1.75, 1.675, 485019
nto, 2020-05-05, 1.42, 1.44, 1.57, 1.4, 590772
mny, 2020-05-05, 1.49, 1.47, 1.53, 1.43, 391267
smr, 2020-05-05, 1, 1, 1.005, 1, 5036123
ami, 2020-05-05, 0.315, 0.305, 0.315, 0.3, 2191712
grr, 2020-05-05, 0.23, 0.23, 0.23, 0.225, 780512
pfp, 2020-05-05, 2.72, 2.66, 2.74, 2.66, 32836
gdx, 2020-05-05, 52.72, 52.6, 52.88, 52.32, 62519
ano, 2020-05-05, 4.5, 4.35, 4.5, 4.32, 17320
adh, 2020-05-05, 1.47, 1.53, 1.617, 1.45, 3192132
ppk, 2020-05-05, 2.94, 3, 3.1, 2.85, 133634
omh, 2020-05-05, 0.345, 0.345, 0.36, 0.345, 54960
aqz, 2020-05-05, 2.05, 1.99, 2.06, 1.99, 19950
cgl, 2020-05-05, 3.29, 3.18, 3.4, 3.18, 202466
pia, 2020-05-05, 0.975, 0.98, 0.98, 0.97, 86129
emr, 2020-05-05, 0.495, 0.48, 0.5, 0.48, 278565
twr, 2020-05-05, 0.58, 0.585, 0.585, 0.58, 2445
cbr, 2020-05-05, 2, 2.08, 2.26, 1.995, 694634
pac, 2020-05-05, 4.77, 4.84, 4.85, 4.7, 41677
cyl, 2020-05-05, 2.92, 2.91, 2.92, 2.89, 29235
vgl, 2020-05-05, 1.14, 1.105, 1.145, 1.105, 46556
vrt, 2020-05-05, 3.05, 2.94, 3.1, 2.86, 343855
wax, 2020-05-05, 1.2, 1.215, 1.22, 1.2, 24796
fdv, 2020-05-05, 0.92, 0.915, 0.955, 0.91, 442096
amh, 2020-05-05, 0.82, 0.835, 0.855, 0.82, 106094
rf1, 2020-05-05, 2.05, 2.05, 2.07, 2.05, 34658
srv, 2020-05-05, 2.4, 2.35, 2.56, 2.35, 47814
pe1, 2020-05-05, 1.45, 1.38, 1.455, 1.38, 88779
ric, 2020-05-05, 0.705, 0.72, 0.72, 0.7, 207082
tgg, 2020-05-05, 1.12, 1.11, 1.12, 1.11, 108267
stx, 2020-05-05, 0.13, 0.13, 0.132, 0.13, 1486412
bth, 2020-05-05, 0.735, 0.715, 0.75, 0.705, 1274859
inr, 2020-05-05, 0.13, 0.13, 0.135, 0.125, 903096
rbl, 2020-05-05, 0.77, 0.83, 0.845, 0.725, 1838735
spx, 2020-05-05, 0.15, 0.15, 0.155, 0.15, 451469
cat, 2020-05-05, 1.08, 1.13, 1.13, 1.08, 483132
cdp, 2020-05-05, 3.17, 3.07, 3.18, 3.06, 76024
pyc, 2020-05-05, 0.074, 0.073, 0.074, 0.072, 413976
wpp, 2020-05-05, 0.24, 0.25, 0.25, 0.24, 294851
pdn, 2020-05-05, 0.11, 0.105, 0.115, 0.097, 15294357
mcr, 2020-05-05, 0.6, 0.61, 0.615, 0.6, 112313
rul, 2020-05-05, 0.96, 0.935, 0.96, 0.935, 15019
ngi, 2020-05-05, 1.245, 1.29, 1.3, 1.24, 472883
mvf, 2020-05-05, 0.58, 0.58, 0.6, 0.57, 1201068
qve, 2020-05-05, 0.775, 0.775, 0.785, 0.77, 235177
cdv, 2020-05-05, 0.41, 0.415, 0.415, 0.405, 792570
mld, 2020-05-05, 0.76, 0.77, 0.795, 0.75, 289045
vcf, 2020-05-05, 49.4, 49.47, 49.7, 49.27, 5185
gdf, 2020-05-05, 0.905, 0.895, 0.905, 0.88, 81117
lvt, 2020-05-05, 0.235, 0.225, 0.235, 0.215, 1222795
wqg, 2020-05-05, 1.15, 1.16, 1.16, 1.13, 203601
ecx, 2020-05-05, 0.68, 0.63, 0.7, 0.61, 4017001
tgp, 2020-05-05, 0.88, 0.87, 0.89, 0.87, 122219
dcn, 2020-05-05, 0.385, 0.43, 0.43, 0.38, 9066510
dub, 2020-05-05, 0.915, 0.935, 0.95, 0.9, 299430
sko, 2020-05-05, 2.2, 2.07, 2.2, 2.06, 206236
hlo, 2020-05-05, 1.61, 1.51, 1.635, 1.505, 659712
egf, 2020-05-05, 1.56, 1.565, 1.565, 1.56, 14544
ksc, 2020-05-05, 1.46, 1.455, 1.475, 1.455, 27119
psq, 2020-05-05, 1.24, 1.23, 1.24, 1.205, 8676
bwr, 2020-05-05, 1.25, 1.255, 1.255, 1.25, 114147
wsp, 2020-05-05, 1.83, 1.795, 1.85, 1.76, 129924
flc, 2020-05-05, 0.3, 0.295, 0.3, 0.295, 281961
ecf, 2020-05-05, 0.885, 0.9, 0.9, 0.885, 115095
aba, 2020-05-05, 4.35, 4.3, 4.41, 4.3, 39622
caj, 2020-05-05, 0.19, 0.19, 0.19, 0.187, 279616
mva, 2020-05-05, 17.16, 17.48, 17.51, 17.16, 21501
nxs, 2020-05-05, 1.61, 1.65, 1.67, 1.6, 47650
ixi, 2020-05-05, 78.93, 77.96, 78.93, 77.76, 2411
bbus, 2020-05-05, 3.4, 3.35, 3.41, 3.35, 2442558
fln, 2020-05-05, 0.375, 0.385, 0.385, 0.375, 28039
lyl, 2020-05-05, 4.39, 4.35, 4.4, 4.35, 2551
vae, 2020-05-05, 63.95, 64.05, 64.55, 63.7, 17197
alf, 2020-05-05, 0.855, 0.86, 0.86, 0.855, 164740
fri, 2020-05-05, 0.615, 0.63, 0.63, 0.615, 50805
ogc, 2020-05-05, 2.4, 2.43, 2.47, 2.37, 499164
cl1, 2020-05-05, 1.38, 1.39, 1.4, 1.375, 30318
at1, 2020-05-05, 0.43, 0.42, 0.44, 0.415, 3225874
ltr, 2020-05-05, 0.105, 0.1, 0.105, 0.1, 811200
mmm, 2020-05-05, 1.18, 1.2, 1.25, 1.14, 1649005
adt, 2020-05-05, 1.25, 1.28, 1.325, 1.245, 357120
veq, 2020-05-05, 50.2, 50.31, 50.33, 50.09, 1925
slm, 2020-05-05, 0.85, 0.827, 0.85, 0.815, 116504
asg, 2020-05-05, 0.745, 0.82, 0.825, 0.745, 111316
pnr, 2020-05-05, 0.135, 0.14, 0.14, 0.135, 471966
alg, 2020-05-05, 0.34, 0.34, 0.355, 0.33, 3322271
mau, 2020-05-05, 0.8, 0.78, 0.8, 0.775, 10648
wgn, 2020-05-05, 0.925, 0.86, 0.93, 0.8, 355577
mme, 2020-05-05, 0.89, 0.95, 0.98, 0.89, 133041
myr, 2020-05-05, 0.195, 0.195, 0.195, 0.19, 2576578
mad, 2020-05-05, 0.8, 0.8, 0.8, 0.8, 5750
cdm, 2020-05-05, 0.525, 0.515, 0.53, 0.515, 301210
alc, 2020-05-05, 0.165, 0.16, 0.165, 0.16, 1442285
gsw, 2020-05-05, 0.86, 0.84, 0.965, 0.84, 962070
vtg, 2020-05-05, 1, 0.965, 1.02, 0.95, 321888
d2o, 2020-05-05, 1.35, 1.32, 1.35, 1.32, 28199
ima, 2020-05-05, 0.16, 0.16, 0.16, 0.155, 285051
ijr, 2020-05-05, 94.76, 94.88, 94.99, 94.35, 291
pck, 2020-05-05, 0.15, 0.15, 0.155, 0.145, 4398542
aei, 2020-05-05, 0.605, 0.64, 0.66, 0.605, 1184987
avj, 2020-05-05, 0.38, 0.38, 0.38, 0.38, 27870
wmi, 2020-05-05, 1.08, 1.08, 1.115, 1.08, 93809
clq, 2020-05-05, 0.207, 0.205, 0.21, 0.2, 306454
amx, 2020-05-05, 1.58, 1.62, 1.63, 1.56, 46478
wzr, 2020-05-05, 0.15, 0.145, 0.15, 0.145, 3220330
neu, 2020-05-05, 1.425, 1.52, 1.52, 1.425, 32885
avz, 2020-05-05, 0.063, 0.063, 0.066, 0.061, 12625677
oku, 2020-05-05, 0.32, 0.32, 0.32, 0.315, 822823
zen, 2020-05-05, 1.01, 1.01, 1.02, 1.005, 739653
szl, 2020-05-05, 1.82, 1.8, 1.965, 1.8, 421602
ksl, 2020-05-05, 0.875, 0.855, 0.875, 0.84, 248110
apd, 2020-05-05, 0.46, 0.465, 0.465, 0.45, 157179
eaf, 2020-05-05, 1.2, 1.2, 1.2, 1.2, 155184
bse, 2020-05-05, 0.125, 0.125, 0.127, 0.125, 23299
pgl, 2020-05-05, 0.905, 0.905, 0.91, 0.885, 44649
blx, 2020-05-05, 0.7, 0.66, 0.7, 0.66, 67913
pbp, 2020-05-05, 1.97, 1.93, 1.97, 1.91, 36941
agi, 2020-05-05, 0.44, 0.425, 0.445, 0.425, 111611
ppe, 2020-05-05, 1.63, 1.675, 1.745, 1.61, 289417
sfc, 2020-05-05, 10.34, 10.35, 10.35, 10.22, 1053
fid, 2020-05-05, 4.53, 4.5, 4.53, 4.43, 24003
snl, 2020-05-05, 3.52, 3.47, 3.52, 3.47, 9419
jrv, 2020-05-05, 0.21, 0.22, 0.225, 0.205, 2065615
baf, 2020-05-05, 0.73, 0.72, 0.73, 0.72, 31000
jhc, 2020-05-05, 0.495, 0.525, 0.535, 0.495, 1096676
far, 2020-05-05, 0.014, 0.014, 0.014, 0.013, 17149019
mml, 2020-05-05, 0.68, 0.67, 0.685, 0.665, 200272
ewc, 2020-05-05, 0.071, 0.077, 0.077, 0.071, 408427
ggg, 2020-05-05, 0.12, 0.115, 0.12, 0.11, 673686
so4, 2020-05-05, 0.375, 0.39, 0.39, 0.355, 2009236
cvw, 2020-05-05, 0.21, 0.2, 0.21, 0.2, 228566
bet, 2020-05-05, 0.26, 0.285, 0.29, 0.26, 5164118
ezl, 2020-05-05, 0.83, 0.83, 0.83, 0.825, 35290
fwd, 2020-05-05, 1.45, 1.425, 1.47, 1.42, 9242
otw, 2020-05-05, 2.6, 2.6, 2.75, 2.57, 56928
he8, 2020-05-05, 0.088, 0.087, 0.088, 0.087, 27293
gtk, 2020-05-05, 1.44, 1.36, 1.44, 1.355, 74324
bye, 2020-05-05, 0.13, 0.165, 0.165, 0.13, 2461740
ncz, 2020-05-05, 0.16, 0.16, 0.17, 0.155, 3487392
mmi, 2020-05-05, 0.098, 0.095, 0.098, 0.095, 1431270
shj, 2020-05-05, 0.775, 0.76, 0.775, 0.76, 2379
pps, 2020-05-05, 0.32, 0.32, 0.33, 0.315, 930953
vth, 2020-05-05, 0.705, 0.705, 0.72, 0.695, 112902
mhj, 2020-05-05, 0.335, 0.33, 0.335, 0.325, 151872
ed1, 2020-05-05, 0.545, 0.545, 0.545, 0.545, 16408
swm, 2020-05-05, 0.083, 0.083, 0.084, 0.081, 4544210
trs, 2020-05-05, 3.45, 3.33, 3.45, 3.32, 66381
can, 2020-05-05, 0.91, 0.89, 0.91, 0.88, 135117
eai, 2020-05-05, 0.95, 0.945, 0.95, 0.945, 17000
imu, 2020-05-05, 0.026, 0.029, 0.03, 0.026, 42907569
hfr, 2020-05-05, 0.38, 0.38, 0.385, 0.38, 43656
dtc, 2020-05-05, 0.9, 0.895, 0.9, 0.88, 164250
vva, 2020-05-05, 2.05, 2.07, 2.12, 2.04, 58764
skt, 2020-05-05, 0.28, 0.285, 0.29, 0.275, 289655
sfg, 2020-05-05, 0.058, 0.055, 0.058, 0.054, 637109
tie, 2020-05-05, 0.322, 0.345, 0.355, 0.32, 3248649
imr, 2020-05-05, 1.16, 1.225, 1.245, 1.15, 1043391
ont, 2020-05-05, 5.1, 5.09, 5.1, 5.09, 360
rap, 2020-05-05, 0.165, 0.165, 0.17, 0.165, 500513
tot, 2020-05-05, 0.865, 0.86, 0.88, 0.857, 328223
bsa, 2020-05-05, 0.275, 0.275, 0.275, 0.275, 19385
vacf, 2020-05-05, 52.5, 52.41, 52.69, 52.26, 4276
mdr, 2020-05-05, 0.45, 0.48, 0.49, 0.45, 413073
itg, 2020-05-05, 0.275, 0.265, 0.28, 0.245, 45442
rfg, 2020-05-05, 0.05, 0.055, 0.059, 0.049, 15626067
avg, 2020-05-05, 0.41, 0.41, 0.42, 0.4, 63558
dnk, 2020-05-05, 0.37, 0.36, 0.37, 0.35, 74818
rnd, 2020-05-05, 1.9, 1.9, 1.9, 1.9, 4420
cdd, 2020-05-05, 0.265, 0.255, 0.265, 0.245, 337940
ajm, 2020-05-05, 0.04, 0.038, 0.04, 0.038, 9607438
ijh, 2020-05-05, 247.86, 249, 249.05, 247.86, 8510
evs, 2020-05-05, 0.11, 0.11, 0.11, 0.11, 315315
ttt, 2020-05-05, 0.72, 0.74, 0.75, 0.7, 120929
rdy, 2020-05-05, 1.4, 1.395, 1.4, 1.39, 3005
sxe, 2020-05-05, 0.46, 0.445, 0.465, 0.435, 289534
fsa, 2020-05-05, 0.91, 0.88, 0.91, 0.88, 4186
aeg, 2020-05-05, 1.15, 1.15, 1.15, 1.14, 253145
bcn, 2020-05-05, 0.04, 0.038, 0.041, 0.038, 5010977
wic, 2020-05-05, 0.81, 0.805, 0.81, 0.805, 5255
mve, 2020-05-05, 24.01, 24.24, 24.24, 24.01, 1570
nwf, 2020-05-05, 0.185, 0.185, 0.19, 0.185, 5500
srg, 2020-05-05, 0.235, 0.24, 0.24, 0.235, 311928
3pl, 2020-05-05, 0.765, 0.765, 0.765, 0.76, 5468
boe, 2020-05-05, 0.069, 0.067, 0.069, 0.066, 762761
igl, 2020-05-05, 0.72, 0.715, 0.755, 0.685, 872784
enn, 2020-05-05, 0.885, 0.9, 0.9, 0.85, 270785
obm, 2020-05-05, 0.185, 0.18, 0.185, 0.175, 318158
ppg, 2020-05-05, 0.12, 0.13, 0.135, 0.12, 448925
ams, 2020-05-05, 0.515, 0.555, 0.58, 0.515, 414001
lau, 2020-05-05, 0.345, 0.345, 0.345, 0.34, 173944
gll, 2020-05-05, 0.38, 0.38, 0.385, 0.37, 72032
cup, 2020-05-05, 0.91, 0.9, 0.91, 0.865, 61362
gng, 2020-05-05, 0.65, 0.66, 0.66, 0.65, 31754
g1a, 2020-05-05, 0.25, 0.255, 0.28, 0.25, 1380588
a4n, 2020-05-05, 0.155, 0.16, 0.16, 0.155, 43739
egi, 2020-05-05, 0.96, 0.96, 0.965, 0.96, 347956
mrc, 2020-05-05, 0.235, 0.24, 0.24, 0.23, 115870
bdc, 2020-05-05, 0.07, 0.072, 0.072, 0.069, 3462078
rct, 2020-05-05, 2.09, 2.04, 2.1, 2.04, 5358
sdv, 2020-05-05, 0.675, 0.71, 0.73, 0.66, 1995857
pvs, 2020-05-05, 1.37, 1.37, 1.37, 1.37, 10400
nuc, 2020-05-05, 3.05, 3.09, 3.09, 3.05, 34411
blk, 2020-05-05, 0.011, 0.01, 0.011, 0.01, 3297835
m7t, 2020-05-05, 0.525, 0.54, 0.57, 0.525, 135728
apz, 2020-05-05, 1.015, 1.015, 1.015, 1.01, 17314
izz, 2020-05-05, 58.42, 58.43, 58.93, 58.25, 4376
spt, 2020-05-05, 0.465, 0.45, 0.495, 0.45, 2550228
erf, 2020-05-05, 0.75, 0.755, 0.755, 0.745, 265968
van, 2020-05-05, 0.125, 0.125, 0.125, 0.125, 26000
mgc, 2020-05-05, 0.445, 0.445, 0.445, 0.44, 328310
urf, 2020-05-05, 0.25, 0.252, 0.255, 0.25, 74101
bid, 2020-05-05, 0.775, 0.735, 0.775, 0.72, 278331
fms, 2020-05-05, 0.025, 0.025, 0.025, 0.025, 299350
brl, 2020-05-05, 0.054, 0.056, 0.056, 0.054, 287800
syr, 2020-05-05, 0.235, 0.23, 0.24, 0.225, 3101923
ays, 2020-05-05, 0.32, 0.32, 0.33, 0.315, 187754
cmp, 2020-05-05, 0.52, 0.53, 0.53, 0.52, 24743
net, 2020-05-05, 0.05, 0.046, 0.05, 0.046, 4237169
dws, 2020-05-05, 0.715, 0.71, 0.715, 0.7, 22393
tdi, 2020-05-05, 1.595, 1.6, 1.6, 1.585, 30780
rex, 2020-05-05, 0.85, 0.845, 0.87, 0.845, 62643
kcn, 2020-05-05, 0.4, 0.41, 0.41, 0.395, 296188
tgm, 2020-05-05, 0.21, 0.21, 0.21, 0.21, 2390
ccv, 2020-05-05, 0.15, 0.15, 0.15, 0.15, 331534
som, 2020-05-05, 1.1, 1.11, 1.12, 1.1, 9153
bti, 2020-05-05, 0.76, 0.73, 0.775, 0.73, 129113
top, 2020-05-05, 0.445, 0.445, 0.45, 0.445, 61000
abr, 2020-05-05, 0.37, 0.37, 0.38, 0.35, 431460
pal, 2020-05-05, 0.7, 0.705, 0.75, 0.7, 10755
etpmag, 2020-05-05, 22.3, 21.87, 22.3, 21.86, 24346
icq, 2020-05-05, 0.202, 0.205, 0.205, 0.202, 36785
pos, 2020-05-05, 0.034, 0.033, 0.034, 0.033, 71412
sdi, 2020-05-05, 0.73, 0.73, 0.73, 0.73, 4887
orr, 2020-05-05, 0.32, 0.32, 0.32, 0.32, 15000
a2b, 2020-05-05, 0.7, 0.72, 0.745, 0.685, 501873
svy, 2020-05-05, 0.41, 0.405, 0.41, 0.38, 448514
sgh, 2020-05-05, 0.59, 0.625, 0.625, 0.59, 21000
cam, 2020-05-05, 0.755, 0.76, 0.765, 0.75, 94316
cxl, 2020-05-05, 0.69, 0.68, 0.69, 0.68, 3696465
wgo, 2020-05-05, 0.12, 0.12, 0.125, 0.12, 335398
axe, 2020-05-05, 0.29, 0.4, 0.41, 0.285, 20097711
nmt, 2020-05-05, 0.16, 0.155, 0.16, 0.155, 808222
ara, 2020-05-05, 0.43, 0.43, 0.43, 0.43, 1250
for, 2020-05-05, 0.765, 0.74, 0.77, 0.74, 41875
dgo, 2020-05-05, 2.04, 1.9, 2.05, 1.9, 8458
evo, 2020-05-05, 0.076, 0.075, 0.076, 0.075, 750103
mwy, 2020-05-05, 0.95, 0.95, 0.95, 0.94, 7593
sky, 2020-05-05, 0.325, 0.34, 0.34, 0.32, 1215717
pll, 2020-05-05, 0.093, 0.1, 0.105, 0.093, 2065203
boc, 2020-05-05, 0.23, 0.205, 0.24, 0.205, 32556
ter, 2020-05-05, 0.115, 0.115, 0.12, 0.11, 1133786
opy, 2020-05-05, 1.2, 1.205, 1.25, 1.19, 1041107
gtn, 2020-05-05, 0.39, 0.375, 0.405, 0.375, 22852
moc, 2020-05-05, 0.65, 0.645, 0.665, 0.64, 203933
tlg, 2020-05-05, 0.36, 0.33, 0.36, 0.33, 112982
hjpn, 2020-05-05, 10.89, 10.92, 10.92, 10.89, 33138
mogl, 2020-05-05, 3.05, 3.02, 3.06, 3.02, 11593
sec, 2020-05-05, 1.21, 1.235, 1.235, 1.2, 38834
unv, 2020-05-05, 0.155, 0.15, 0.155, 0.15, 101550
gnx, 2020-05-05, 0.195, 0.195, 0.2, 0.19, 314180
nsc, 2020-05-05, 0.46, 0.49, 0.49, 0.455, 195524
tgn, 2020-05-05, 0.1, 0.1, 0.105, 0.1, 185039
mye, 2020-05-05, 0.76, 0.75, 0.81, 0.75, 25620
aru, 2020-05-05, 0.071, 0.072, 0.072, 0.068, 2149745
msv, 2020-05-05, 0.4, 0.38, 0.4, 0.38, 615981
agd, 2020-05-05, 0.15, 0.135, 0.15, 0.135, 101705
iko, 2020-05-05, 80.16, 80.37, 80.37, 79.9, 567
ang, 2020-05-05, 0.13, 0.13, 0.14, 0.13, 490525
brn, 2020-05-05, 0.053, 0.051, 0.053, 0.049, 5016838
cel, 2020-05-05, 0.17, 0.17, 0.175, 0.165, 1907200
mlx, 2020-05-05, 0.082, 0.08, 0.082, 0.078, 912912
tgf, 2020-05-05, 1.14, 1.15, 1.17, 1.14, 70942
osl, 2020-05-05, 0.11, 0.117, 0.125, 0.11, 3694885
ntu, 2020-05-05, 0.022, 0.023, 0.023, 0.022, 3969446
lvh, 2020-05-05, 0.24, 0.235, 0.24, 0.22, 142940
myl, 2020-05-05, 0.039, 0.04, 0.041, 0.039, 809608
svl, 2020-05-05, 0.082, 0.08, 0.082, 0.08, 1144784
mrm, 2020-05-05, 0.077, 0.076, 0.079, 0.076, 364114
css, 2020-05-05, 0.7, 0.7, 0.7, 0.63, 50493
adn, 2020-05-05, 0.047, 0.047, 0.048, 0.046, 4686669
cyp, 2020-05-05, 0.645, 0.64, 0.645, 0.625, 87467
elx, 2020-05-05, 0.49, 0.485, 0.505, 0.485, 349371
aar, 2020-05-05, 0.145, 0.15, 0.15, 0.145, 195530
mvs, 2020-05-05, 15.93, 20.65, 20.65, 15.93, 366
bit, 2020-05-05, 0.1, 0.099, 0.102, 0.097, 2733439
tip, 2020-05-05, 0.62, 0.62, 0.62, 0.62, 845
po3, 2020-05-05, 2.15, 2.18, 2.18, 2.12, 5991
gpr, 2020-05-05, 0.405, 0.39, 0.405, 0.39, 151890
snc, 2020-05-05, 0.66, 0.635, 0.66, 0.615, 161326
mca, 2020-05-05, 0.115, 0.12, 0.125, 0.115, 91238
cog, 2020-05-05, 0.042, 0.042, 0.042, 0.042, 50000
twd, 2020-05-05, 2.4, 2.39, 2.4, 2.39, 1000
imm, 2020-05-05, 0.135, 0.135, 0.14, 0.135, 3443015
egh, 2020-05-05, 0.28, 0.285, 0.285, 0.28, 215280
cai, 2020-05-05, 0.29, 0.305, 0.31, 0.29, 294356
wnd, 2020-05-05, 0.965, 0.96, 0.965, 0.955, 37605
kla, 2020-05-05, 66.4, 65.45, 66.4, 65, 2425
cd3, 2020-05-05, 0.905, 0.905, 0.905, 0.905, 12113
rkn, 2020-05-05, 0.575, 0.57, 0.575, 0.57, 5058
hzn, 2020-05-05, 0.05, 0.049, 0.05, 0.049, 1108987
aml, 2020-05-05, 0.1, 0.095, 0.1, 0.095, 315824
smp, 2020-05-05, 0.355, 0.37, 0.37, 0.355, 167457
tng, 2020-05-05, 0.059, 0.057, 0.06, 0.056, 1605880
slx, 2020-05-05, 0.385, 0.37, 0.39, 0.355, 305257
nnt, 2020-05-05, 0.055, 0.055, 0.055, 0.055, 20000
dyl, 2020-05-05, 0.255, 0.26, 0.265, 0.255, 353945
lsx, 2020-05-05, 0.42, 0.42, 0.42, 0.42, 44176
5gn, 2020-05-05, 0.895, 0.875, 0.895, 0.87, 322379
krr, 2020-05-05, 0.041, 0.05, 0.05, 0.041, 6844622
clf, 2020-05-05, 1.045, 1.05, 1.05, 1.045, 2100
ajl, 2020-05-05, 0.053, 0.052, 0.053, 0.052, 18760
ede, 2020-05-05, 0.037, 0.036, 0.038, 0.035, 756720
aop, 2020-05-05, 0.22, 0.23, 0.23, 0.22, 36869
tek, 2020-05-05, 0.235, 0.24, 0.25, 0.235, 656098
agh, 2020-05-05, 0.39, 0.38, 0.395, 0.38, 261909
ike, 2020-05-05, 0.61, 0.6, 0.61, 0.6, 3410
occ, 2020-05-05, 0.325, 0.33, 0.342, 0.325, 364439
jan, 2020-05-05, 0.29, 0.29, 0.295, 0.28, 415619
coi, 2020-05-05, 0.084, 0.077, 0.084, 0.077, 555727
eeg, 2020-05-05, 0.225, 0.23, 0.23, 0.205, 195265
oec, 2020-05-05, 0.75, 0.78, 0.81, 0.75, 122452
aut, 2020-05-05, 0.048, 0.05, 0.05, 0.047, 2405175
fgr, 2020-05-05, 0.125, 0.125, 0.125, 0.12, 286504
ovh, 2020-05-05, 0.23, 0.22, 0.23, 0.215, 239241
ac8, 2020-05-05, 0.19, 0.185, 0.19, 0.18, 224025
bky, 2020-05-05, 0.23, 0.225, 0.235, 0.22, 171460
grb, 2020-05-05, 0.052, 0.051, 0.052, 0.05, 410662
has, 2020-05-05, 0.056, 0.056, 0.057, 0.056, 2296082
bly, 2020-05-05, 0.66, 0.66, 0.66, 0.66, 198
bci, 2020-05-05, 0.14, 0.145, 0.145, 0.14, 26394
rht, 2020-05-05, 0.13, 0.13, 0.13, 0.13, 304273
pgc, 2020-05-05, 0.16, 0.167, 0.175, 0.155, 555286
gmv, 2020-05-05, 0.115, 0.098, 0.115, 0.098, 4435047
mdc, 2020-05-05, 0.25, 0.235, 0.25, 0.235, 47170
4ds, 2020-05-05, 0.052, 0.048, 0.052, 0.048, 1109785
vee, 2020-05-05, 0.425, 0.42, 0.45, 0.42, 19836
cie, 2020-05-05, 0.525, 0.52, 0.54, 0.52, 337418
epd, 2020-05-05, 0.335, 0.34, 0.35, 0.335, 31766
nva, 2020-05-05, 0.049, 0.053, 0.055, 0.049, 8162927
moz, 2020-05-05, 0.555, 0.56, 0.58, 0.555, 63397
exp, 2020-05-05, 0.097, 0.097, 0.097, 0.097, 20000
eol, 2020-05-05, 2.42, 2.42, 2.42, 2.39, 13660
cgs, 2020-05-05, 0.31, 0.315, 0.315, 0.31, 51518
apw, 2020-05-05, 1.2, 1.2, 1.2, 1.2, 420
sta, 2020-05-05, 0.13, 0.125, 0.13, 0.125, 23151
ctm, 2020-05-05, 0.195, 0.205, 0.215, 0.195, 678373
cag, 2020-05-05, 0.56, 0.56, 0.56, 0.56, 10000
ttb, 2020-05-05, 0.47, 0.49, 0.49, 0.47, 39858
ozg, 2020-05-05, 0.15, 0.15, 0.15, 0.15, 350000
ibc, 2020-05-05, 0.43, 0.43, 0.43, 0.425, 100911
ntm, 2020-05-05, 0.079, 0.078, 0.079, 0.078, 163000
rdf, 2020-05-05, 0.375, 0.35, 0.375, 0.35, 50000
ahx, 2020-05-05, 0.495, 0.45, 0.51, 0.45, 35307
lck, 2020-05-05, 0.093, 0.09, 0.093, 0.09, 351345
ftc, 2020-05-05, 0.08, 0.08, 0.08, 0.08, 11956
ctp, 2020-05-05, 0.074, 0.072, 0.076, 0.072, 1263628
gas, 2020-05-05, 0.355, 0.355, 0.355, 0.355, 1250
cue, 2020-05-05, 0.077, 0.074, 0.077, 0.072, 297900
mag, 2020-05-05, 0.3, 0.3, 0.32, 0.29, 774740
cvf, 2020-05-05, 0.75, 0.75, 0.75, 0.75, 69000
rce, 2020-05-05, 0.4, 0.375, 0.4, 0.37, 477175
acf, 2020-05-05, 0.23, 0.235, 0.235, 0.23, 51930
mai, 2020-05-05, 0.4, 0.385, 0.4, 0.385, 46083
ssg, 2020-05-05, 0.425, 0.4, 0.43, 0.4, 173411
htg, 2020-05-05, 0.13, 0.14, 0.14, 0.13, 505330
tam, 2020-05-05, 0.041, 0.043, 0.043, 0.041, 513000
kin, 2020-05-05, 0.067, 0.08, 0.08, 0.067, 1439046
kpt, 2020-05-05, 0.92, 0.89, 0.92, 0.89, 16801
nml, 2020-05-05, 0.11, 0.105, 0.11, 0.105, 897082
tnk, 2020-05-05, 0.805, 0.82, 0.835, 0.805, 31250
mph, 2020-05-05, 0.16, 0.16, 0.16, 0.16, 1390
qhl, 2020-05-05, 0.07, 0.07, 0.07, 0.069, 843520
kzr, 2020-05-05, 0.385, 0.405, 0.415, 0.38, 443703
cay, 2020-05-05, 0.1, 0.1, 0.1, 0.099, 897183
sen, 2020-05-05, 0.046, 0.046, 0.046, 0.045, 337955
brb, 2020-05-05, 0.215, 0.215, 0.225, 0.21, 122870
caa, 2020-05-05, 0.1, 0.1, 0.1, 0.1, 190306
hit, 2020-05-05, 1.32, 1.3, 1.35, 1.27, 92366
ptl, 2020-05-05, 0.38, 0.36, 0.38, 0.355, 449529
ktd, 2020-05-05, 0.355, 0.35, 0.355, 0.35, 340239
awy, 2020-05-05, 0.9, 0.9, 0.9, 0.9, 779
wkt, 2020-05-05, 0.155, 0.14, 0.155, 0.14, 75012
mgv, 2020-05-05, 0.115, 0.105, 0.115, 0.105, 1897329
atl, 2020-05-05, 0.25, 0.26, 0.27, 0.25, 151610
lot, 2020-05-05, 0.072, 0.074, 0.081, 0.07, 7107086
mvr, 2020-05-05, 24.2, 24.58, 24.58, 24.2, 3039
hla, 2020-05-05, 0.79, 0.76, 0.79, 0.75, 44486
svm, 2020-05-05, 0.13, 0.125, 0.13, 0.122, 405085
cyg, 2020-05-05, 0.53, 0.53, 0.535, 0.53, 47835
ncc, 2020-05-05, 0.77, 0.77, 0.77, 0.77, 57573
try, 2020-05-05, 0.077, 0.075, 0.077, 0.073, 255276
qtm, 2020-05-05, 0.042, 0.042, 0.042, 0.042, 12000
isu, 2020-05-05, 0.21, 0.215, 0.215, 0.2, 18888
hct, 2020-05-05, 0.165, 0.17, 0.177, 0.165, 3402239
tga, 2020-05-05, 0.135, 0.145, 0.145, 0.135, 474374
dbf, 2020-05-05, 1.07, 1.085, 1.085, 1.07, 1567
cvl, 2020-05-05, 0.39, 0.39, 0.39, 0.39, 7044
tny, 2020-05-05, 1.04, 1.005, 1.04, 1.005, 15664
nvx, 2020-05-05, 0.355, 0.35, 0.355, 0.35, 28290
stg, 2020-05-05, 0.86, 0.86, 0.86, 0.85, 5426
rmy, 2020-05-05, 0.255, 0.245, 0.26, 0.245, 103102
mvb, 2020-05-05, 18.25, 18.05, 18.25, 18, 6397
acq, 2020-05-05, 0.855, 0.852, 0.855, 0.85, 47594
dcg, 2020-05-05, 0.2, 0.19, 0.205, 0.185, 1896820
hzr, 2020-05-05, 0.39, 0.4, 0.41, 0.385, 459013
bis, 2020-05-05, 1.01, 1, 1.01, 1, 10707
mem, 2020-05-05, 0.06, 0.06, 0.06, 0.06, 23666
gmd, 2020-05-05, 0.033, 0.034, 0.034, 0.031, 1113198
azy, 2020-05-05, 0.02, 0.019, 0.02, 0.019, 5835831
smn, 2020-05-05, 0.39, 0.38, 0.39, 0.375, 140167
ixc, 2020-05-05, 1.255, 1.32, 1.35, 1.255, 93985
mto, 2020-05-05, 0.8, 0.725, 0.8, 0.725, 93453
sns, 2020-05-05, 0.1, 0.1, 0.1, 0.1, 19750
swf, 2020-05-05, 0.225, 0.23, 0.23, 0.215, 1429775
ivx, 2020-05-05, 0.008, 0.008, 0.008, 0.008, 91549
mx1, 2020-05-05, 0.14, 0.14, 0.14, 0.14, 904460
vrx, 2020-05-05, 0.09, 0.098, 0.098, 0.09, 493206
ahz, 2020-05-05, 7.4, 7.38, 7.6, 7.3, 881
clx, 2020-05-05, 0.56, 0.56, 0.567, 0.56, 41938
rxp, 2020-05-05, 0.27, 0.27, 0.27, 0.26, 69534
fod, 2020-05-05, 0.061, 0.06, 0.062, 0.06, 304787
ash, 2020-05-05, 0.28, 0.3, 0.3, 0.28, 40190
fbr, 2020-05-05, 0.025, 0.024, 0.026, 0.023, 2744944
ahq, 2020-05-05, 0.071, 0.071, 0.071, 0.071, 85276
jat, 2020-05-05, 0.048, 0.046, 0.048, 0.044, 2723442
edc, 2020-05-05, 0.945, 0.945, 0.945, 0.945, 4009
thc, 2020-05-05, 0.315, 0.305, 0.315, 0.3, 223206
czi, 2020-05-05, 0.097, 0.1, 0.1, 0.097, 932251
akm, 2020-05-05, 0.08, 0.084, 0.084, 0.08, 104413
mxc, 2020-05-05, 0.028, 0.027, 0.029, 0.026, 7760757
pen, 2020-05-05, 0.145, 0.135, 0.15, 0.135, 1629029
zld, 2020-05-05, 0.044, 0.044, 0.046, 0.044, 378481
haw, 2020-05-05, 0.13, 0.13, 0.135, 0.13, 124889
hrl, 2020-05-05, 0.086, 0.086, 0.086, 0.086, 2019631
rft, 2020-05-05, 0.031, 0.031, 0.031, 0.031, 429928
bmn, 2020-05-05, 0.042, 0.04, 0.043, 0.039, 1727957
ma1, 2020-05-05, 0.895, 0.955, 0.96, 0.895, 74852
nus, 2020-05-05, 0.225, 0.22, 0.23, 0.215, 73687
fsi, 2020-05-05, 1.63, 1.65, 1.65, 1.63, 5942
kme, 2020-05-05, 0.975, 0.925, 0.975, 0.92, 107416
bot, 2020-05-05, 0.044, 0.043, 0.044, 0.042, 3733630
agy, 2020-05-05, 0.04, 0.041, 0.042, 0.04, 838992
emv, 2020-05-05, 0.87, 0.89, 0.9, 0.86, 129546
rac, 2020-05-05, 0.295, 0.36, 0.365, 0.295, 703900
hvm, 2020-05-05, 0.275, 0.245, 0.28, 0.23, 736042
gap, 2020-05-05, 0.15, 0.15, 0.15, 0.15, 50000
els, 2020-05-05, 0.385, 0.39, 0.39, 0.385, 171139
rsh, 2020-05-05, 0.07, 0.07, 0.07, 0.068, 249273
waa, 2020-05-05, 0.9, 0.88, 0.9, 0.87, 17450
cka, 2020-05-05, 0.047, 0.044, 0.047, 0.044, 1796825
hil, 2020-05-05, 0.185, 0.175, 0.185, 0.175, 241983
kov, 2020-05-05, 3.7, 3.6, 3.7, 3.6, 2900
bcb, 2020-05-05, 0.049, 0.05, 0.05, 0.049, 4645500
paf, 2020-05-05, 0.715, 0.695, 0.715, 0.675, 47292
dxb, 2020-05-05, 0.21, 0.22, 0.23, 0.21, 1405252
mam, 2020-05-05, 0.3, 0.3, 0.3, 0.3, 8000
glin, 2020-05-05, 3.02, 3.02, 3.02, 3.02, 3311
fhs, 2020-05-05, 0.028, 0.028, 0.028, 0.028, 150000
ipd, 2020-05-05, 0.039, 0.039, 0.039, 0.038, 10928681
ubi, 2020-05-05, 0.22, 0.22, 0.22, 0.22, 25711
skf, 2020-05-05, 0.122, 0.13, 0.13, 0.122, 262647
vmt, 2020-05-05, 0.15, 0.17, 0.175, 0.15, 784948
ton, 2020-05-05, 0.034, 0.034, 0.034, 0.034, 58774
erm, 2020-05-05, 0.092, 0.09, 0.092, 0.089, 433973
bbc, 2020-05-05, 0.405, 0.405, 0.405, 0.405, 8953
ttm, 2020-05-05, 0.053, 0.05, 0.053, 0.046, 5110443
ihl, 2020-05-05, 0.051, 0.052, 0.055, 0.051, 2277376
rxl, 2020-05-05, 0.026, 0.026, 0.026, 0.026, 3434526
dgr, 2020-05-05, 0.064, 0.059, 0.064, 0.058, 146980
spz, 2020-05-05, 0.11, 0.105, 0.115, 0.105, 95000
bru, 2020-05-05, 0.086, 0.087, 0.088, 0.086, 374384
pdi, 2020-05-05, 0.066, 0.059, 0.067, 0.058, 32776327
bc8, 2020-05-05, 0.395, 0.44, 0.45, 0.39, 546666
brv, 2020-05-05, 0.025, 0.028, 0.029, 0.025, 3536047
bsx, 2020-05-05, 0.16, 0.16, 0.165, 0.16, 68198
ubn, 2020-05-05, 0.052, 0.05, 0.052, 0.05, 70174
bol, 2020-05-05, 0.086, 0.086, 0.086, 0.086, 6000
prt, 2020-05-05, 0.1, 0.1, 0.1, 0.099, 1321543
swk, 2020-05-05, 0.12, 0.12, 0.12, 0.12, 8000
ovn, 2020-05-05, 0.27, 0.28, 0.29, 0.27, 794034
atc, 2020-05-05, 0.044, 0.042, 0.045, 0.042, 1636528
osx, 2020-05-05, 0.6, 0.59, 0.6, 0.59, 44257
rzi, 2020-05-05, 0.6, 0.62, 0.64, 0.6, 201963
adj, 2020-05-05, 0.021, 0.02, 0.021, 0.02, 752274
auz, 2020-05-05, 0.01, 0.01, 0.01, 0.009, 7054660
8ih, 2020-05-05, 0.099, 0.1, 0.1, 0.099, 23301
bct, 2020-05-05, 0.06, 0.061, 0.061, 0.058, 229646
lpi, 2020-05-05, 0.13, 0.137, 0.137, 0.13, 136482
ucm, 2020-05-05, 0.24, 0.24, 0.24, 0.235, 102008
idt, 2020-05-05, 0.155, 0.15, 0.155, 0.15, 80682
pxs, 2020-05-05, 0.092, 0.09, 0.092, 0.089, 279759
88e, 2020-05-05, 0.006, 0.005, 0.006, 0.005, 9969806
meu, 2020-05-05, 0.042, 0.042, 0.044, 0.042, 910540
hch, 2020-05-05, 0.02, 0.02, 0.02, 0.02, 1541636
kza, 2020-05-05, 0.395, 0.385, 0.395, 0.38, 317066
xte, 2020-05-05, 0.64, 0.65, 0.675, 0.615, 123362
tgh, 2020-05-05, 0.185, 0.195, 0.2, 0.185, 186516
ado, 2020-05-05, 0.022, 0.021, 0.022, 0.021, 2484747
ajx, 2020-05-05, 0.053, 0.054, 0.054, 0.052, 159501
ci1, 2020-05-05, 0.032, 0.031, 0.032, 0.031, 4040963
ava, 2020-05-05, 0.145, 0.145, 0.145, 0.14, 458317
pro, 2020-05-05, 0.47, 0.53, 0.53, 0.47, 40103
tou, 2020-05-05, 0.08, 0.075, 0.08, 0.075, 59072
oel, 2020-05-05, 0.007, 0.007, 0.007, 0.006, 7184161
cxo, 2020-05-05, 0.041, 0.042, 0.042, 0.04, 1554493
cst, 2020-05-05, 0.17, 0.165, 0.17, 0.155, 293661
tap, 2020-05-05, 0.077, 0.077, 0.077, 0.072, 308500
pex, 2020-05-05, 0.13, 0.135, 0.135, 0.13, 11000
mns, 2020-05-05, 0.051, 0.051, 0.052, 0.05, 380382
stn, 2020-05-05, 0.39, 0.39, 0.4, 0.39, 45198
bd1, 2020-05-05, 0.024, 0.024, 0.025, 0.024, 559432
lpd, 2020-05-05, 0.007, 0.007, 0.008, 0.007, 8298796
pm8, 2020-05-05, 0.205, 0.2, 0.21, 0.2, 538100
arv, 2020-05-05, 0.032, 0.031, 0.032, 0.031, 1145959
rvr, 2020-05-05, 0.063, 0.062, 0.064, 0.061, 695315
fpc, 2020-05-05, 0.74, 0.76, 0.76, 0.74, 9711
ada, 2020-05-05, 0.42, 0.415, 0.425, 0.415, 59284
paa, 2020-05-05, 0.105, 0.105, 0.105, 0.102, 197833
mpp, 2020-05-05, 0.17, 0.17, 0.17, 0.17, 100000
fzo, 2020-05-05, 0.13, 0.13, 0.13, 0.13, 194397
piq, 2020-05-05, 0.33, 0.34, 0.34, 0.305, 54000
enr, 2020-05-05, 0.11, 0.11, 0.11, 0.11, 33500
mrg, 2020-05-05, 0.014, 0.014, 0.014, 0.014, 1100072
mea, 2020-05-05, 0.18, 0.185, 0.185, 0.18, 200676
ahf, 2020-05-05, 0.079, 0.083, 0.084, 0.079, 353716
eqx, 2020-05-05, 0.245, 0.245, 0.245, 0.245, 4081
aiq, 2020-05-05, 0.11, 0.11, 0.11, 0.11, 12766
rtr, 2020-05-05, 0.069, 0.068, 0.069, 0.066, 455756
vmy, 2020-05-05, 0.049, 0.049, 0.049, 0.045, 937181
bfc, 2020-05-05, 0.068, 0.064, 0.068, 0.062, 1727699
gc1, 2020-05-05, 0.67, 0.68, 0.72, 0.67, 32035
nov, 2020-05-05, 0.175, 0.17, 0.175, 0.17, 120000
nox, 2020-05-05, 0.195, 0.195, 0.205, 0.19, 436982
sfx, 2020-05-05, 0.097, 0.096, 0.099, 0.096, 270101
dna, 2020-05-05, 0.037, 0.036, 0.04, 0.036, 115974
rcl, 2020-05-05, 0.295, 0.3, 0.3, 0.295, 86748
gal, 2020-05-05, 0.26, 0.255, 0.26, 0.25, 1657026
gmn, 2020-05-05, 0.045, 0.045, 0.045, 0.045, 50000
lcm, 2020-05-05, 0.145, 0.145, 0.145, 0.145, 3827
dem, 2020-05-05, 0.165, 0.165, 0.165, 0.165, 3151
erx, 2020-05-05, 0.052, 0.049, 0.052, 0.049, 2438170
tnt, 2020-05-05, 0.057, 0.056, 0.057, 0.053, 2407904
pdz, 2020-05-05, 0.125, 0.135, 0.135, 0.125, 2730
ooo, 2020-05-05, 2.79, 2.85, 2.85, 2.78, 1660533
yoj, 2020-05-05, 0.028, 0.029, 0.029, 0.028, 345000
bda, 2020-05-05, 0.315, 0.31, 0.33, 0.31, 125900
gtg, 2020-05-05, 0.005, 0.005, 0.006, 0.005, 4360180
pek, 2020-05-05, 0.02, 0.02, 0.02, 0.018, 2116499
rent, 2020-05-05, 2.56, 2.56, 2.56, 2.56, 8384
eur, 2020-05-05, 0.043, 0.044, 0.044, 0.043, 121400
mzz, 2020-05-05, 0.205, 0.23, 0.23, 0.205, 1200995
dro, 2020-05-05, 0.115, 0.11, 0.115, 0.105, 644264
mxi, 2020-05-05, 0.15, 0.15, 0.15, 0.15, 50000
mmj, 2020-05-05, 0.125, 0.12, 0.125, 0.12, 126353
dse, 2020-05-05, 0.046, 0.049, 0.049, 0.046, 1456567
agm, 2020-05-05, 1.52, 1.52, 1.52, 1.52, 28125
rfx, 2020-05-05, 0.031, 0.03, 0.032, 0.03, 904108
lbt, 2020-05-05, 0.115, 0.115, 0.12, 0.115, 176393
isd, 2020-05-05, 0.14, 0.135, 0.145, 0.135, 562887
arl, 2020-05-05, 0.23, 0.23, 0.235, 0.23, 82893
nsx, 2020-05-05, 0.12, 0.12, 0.12, 0.117, 47410
wbt, 2020-05-05, 0.375, 0.37, 0.385, 0.365, 55211
res, 2020-05-05, 0.047, 0.046, 0.047, 0.043, 106010
sei, 2020-05-05, 0.024, 0.024, 0.024, 0.024, 4501
lit, 2020-05-05, 0.046, 0.045, 0.046, 0.045, 843473
hav, 2020-05-05, 0.11, 0.1, 0.11, 0.1, 956116
aiv, 2020-05-05, 0.15, 0.15, 0.15, 0.15, 2037
wnr, 2020-05-05, 0.25, 0.25, 0.25, 0.25, 2010
ksn, 2020-05-05, 0.15, 0.15, 0.15, 0.135, 412265
xrf, 2020-05-05, 0.195, 0.197, 0.197, 0.195, 27874
eff, 2020-05-05, 1.28, 1.28, 1.28, 1.28, 7125
siv, 2020-05-05, 0.6, 0.67, 0.675, 0.6, 71012
tfl, 2020-05-05, 0.096, 0.096, 0.096, 0.096, 5250
cg1, 2020-05-05, 0.235, 0.245, 0.245, 0.235, 138208
ffl, 2020-05-05, 0.25, 0.26, 0.27, 0.25, 214176
mat, 2020-05-05, 0.115, 0.115, 0.115, 0.115, 318699
eas, 2020-05-05, 0.755, 0.755, 0.76, 0.75, 12450
lon, 2020-05-05, 0.135, 0.125, 0.135, 0.125, 16569
ntd, 2020-05-05, 0.255, 0.25, 0.26, 0.25, 206163
avl, 2020-05-05, 0.01, 0.01, 0.01, 0.009, 1675000
kfe, 2020-05-05, 0.032, 0.033, 0.036, 0.032, 1121469
nag, 2020-05-05, 0.051, 0.051, 0.051, 0.051, 82162
pve, 2020-05-05, 0.039, 0.039, 0.039, 0.039, 15000
lom, 2020-05-05, 0.049, 0.048, 0.049, 0.046, 636643
eme, 2020-05-05, 0.12, 0.12, 0.12, 0.12, 3888
cv1, 2020-05-05, 0.09, 0.086, 0.09, 0.086, 39998
ses, 2020-05-05, 0.06, 0.06, 0.06, 0.06, 221
vmc, 2020-05-05, 0.165, 0.165, 0.165, 0.165, 18000
apc, 2020-05-05, 0.067, 0.062, 0.067, 0.061, 2402482
gln, 2020-05-05, 0.155, 0.15, 0.155, 0.15, 118644
gev, 2020-05-05, 0.06, 0.063, 0.063, 0.06, 148495
vlt, 2020-05-05, 0.175, 0.19, 0.19, 0.175, 27954
2be, 2020-05-05, 0.1, 0.1, 0.1, 0.1, 50000
krm, 2020-05-05, 0.032, 0.033, 0.033, 0.032, 294879
czr, 2020-05-05, 0.01, 0.01, 0.01, 0.01, 2338966
ats, 2020-05-05, 0.026, 0.024, 0.026, 0.024, 2744219
toe, 2020-05-05, 0.008, 0.009, 0.009, 0.008, 1768347
anp, 2020-05-05, 0.048, 0.048, 0.049, 0.047, 1269280
mfd, 2020-05-05, 0.745, 0.73, 0.745, 0.73, 16979
td1, 2020-05-05, 0.028, 0.031, 0.031, 0.028, 2604077
av1, 2020-05-05, 0.09, 0.095, 0.095, 0.09, 105103
bno, 2020-05-05, 0.042, 0.042, 0.042, 0.042, 22000
lke, 2020-05-05, 0.034, 0.034, 0.035, 0.034, 2067504
vip, 2020-05-05, 0.034, 0.035, 0.037, 0.034, 1391284
acr, 2020-05-05, 0.13, 0.135, 0.14, 0.13, 71394
ct1, 2020-05-05, 0.022, 0.02, 0.022, 0.02, 851722
fct, 2020-05-05, 0.069, 0.071, 0.071, 0.06, 584842
seq, 2020-05-05, 0.185, 0.185, 0.185, 0.185, 200000
cdy, 2020-05-05, 0.18, 0.185, 0.185, 0.175, 499671
acw, 2020-05-05, 0.019, 0.02, 0.02, 0.019, 661086
emh, 2020-05-05, 0.215, 0.2, 0.215, 0.2, 102536
skn, 2020-05-05, 0.07, 0.07, 0.073, 0.07, 4878780
rwd, 2020-05-05, 0.135, 0.135, 0.135, 0.135, 10000
chz, 2020-05-05, 0.067, 0.067, 0.067, 0.064, 656046
wld, 2020-05-05, 0.041, 0.041, 0.041, 0.041, 23888
ais, 2020-05-05, 0.04, 0.04, 0.04, 0.04, 121850
pg1, 2020-05-05, 0.095, 0.095, 0.095, 0.095, 5300
bud, 2020-05-05, 0.009, 0.009, 0.01, 0.008, 17880243
vml, 2020-05-05, 0.01, 0.01, 0.01, 0.009, 4285004
vmx, 2020-05-05, 0.17, 0.17, 0.17, 0.17, 67982
amg, 2020-05-05, 0.043, 0.04, 0.043, 0.039, 1057638
blu, 2020-05-05, 0.017, 0.016, 0.017, 0.016, 1790646
ict, 2020-05-05, 0.04, 0.04, 0.04, 0.04, 126330
lgp, 2020-05-05, 0.305, 0.31, 0.315, 0.3, 207155
sdx, 2020-05-05, 0.056, 0.053, 0.056, 0.053, 28621
aqi, 2020-05-05, 0.076, 0.082, 0.082, 0.076, 294188
gme, 2020-05-05, 0.039, 0.041, 0.042, 0.039, 126200
ime, 2020-05-05, 0.03, 0.032, 0.034, 0.03, 6112221
mll, 2020-05-05, 0.065, 0.065, 0.065, 0.06, 185383
hgo, 2020-05-05, 0.041, 0.035, 0.041, 0.035, 286811
ybr, 2020-05-05, 0.061, 0.063, 0.064, 0.061, 135500
14d, 2020-05-05, 0.14, 0.145, 0.145, 0.14, 176312
pnx, 2020-05-05, 0.008, 0.008, 0.008, 0.008, 90000
bkt, 2020-05-05, 0.033, 0.032, 0.033, 0.032, 62400
cob, 2020-05-05, 0.125, 0.125, 0.13, 0.125, 37769
hxg, 2020-05-05, 0.069, 0.067, 0.069, 0.062, 273942
9sp, 2020-05-05, 0.016, 0.016, 0.016, 0.016, 735667
rgs, 2020-05-05, 0.07, 0.07, 0.07, 0.07, 100000
cnw, 2020-05-05, 0.022, 0.022, 0.022, 0.022, 110869
mdi, 2020-05-05, 0.012, 0.011, 0.012, 0.011, 9938033
pks, 2020-05-05, 0.15, 0.16, 0.16, 0.15, 645709
ics, 2020-05-05, 1.83, 1.83, 1.83, 1.83, 3750
myq, 2020-05-05, 0.175, 0.175, 0.175, 0.175, 6200
hrn, 2020-05-05, 0.26, 0.25, 0.26, 0.25, 85767
oga, 2020-05-05, 0.099, 0.095, 0.099, 0.095, 14000
hrr, 2020-05-05, 0.044, 0.044, 0.045, 0.044, 287971
3dp, 2020-05-05, 0.035, 0.033, 0.035, 0.032, 1514656
kpo, 2020-05-05, 0.024, 0.023, 0.024, 0.022, 1375513
eve, 2020-05-05, 0.006, 0.005, 0.006, 0.005, 4116570
kyk, 2020-05-05, 0.082, 0.079, 0.085, 0.079, 385854
as1, 2020-05-05, 0.14, 0.14, 0.14, 0.14, 35000
tas, 2020-05-05, 0.036, 0.035, 0.036, 0.035, 100000
mgl, 2020-05-05, 0.016, 0.016, 0.016, 0.016, 12015
gfl, 2020-05-05, 1.7, 1.7, 1.7, 1.7, 571
ame, 2020-05-05, 0.062, 0.062, 0.062, 0.061, 1228286
dcc, 2020-05-05, 0.03, 0.03, 0.031, 0.029, 1708167
vor, 2020-05-05, 0.14, 0.13, 0.14, 0.13, 140817
pio, 2020-05-05, 0.011, 0.012, 0.012, 0.011, 722454
gbz, 2020-05-05, 0.08, 0.08, 0.08, 0.08, 10000
bwf, 2020-05-05, 0.31, 0.285, 0.31, 0.275, 89957
ath, 2020-05-05, 0.02, 0.02, 0.02, 0.018, 183903
aqx, 2020-05-05, 0.019, 0.019, 0.02, 0.019, 968000
oll, 2020-05-05, 0.2, 0.2, 0.205, 0.195, 400442
agr, 2020-05-05, 0.08, 0.08, 0.08, 0.08, 7902
m8s, 2020-05-05, 0.11, 0.1, 0.11, 0.1, 473045
ntl, 2020-05-05, 0.007, 0.006, 0.007, 0.006, 353335
e25, 2020-05-05, 0.2, 0.19, 0.2, 0.19, 38100
rxm, 2020-05-05, 0.056, 0.056, 0.056, 0.056, 17807
dev, 2020-05-05, 0.085, 0.091, 0.091, 0.085, 396190
nuh, 2020-05-05, 0.016, 0.016, 0.016, 0.016, 816124
tso, 2020-05-05, 0.055, 0.056, 0.06, 0.054, 6579090
rdm, 2020-05-05, 0.085, 0.081, 0.085, 0.081, 145631
egy, 2020-05-05, 0.2, 0.2, 0.2, 0.2, 1500
ecp, 2020-05-05, 0.93, 0.935, 0.95, 0.885, 56301
kwr, 2020-05-05, 0.125, 0.155, 0.155, 0.125, 107425
lnu, 2020-05-05, 0.014, 0.013, 0.014, 0.012, 12919582
ice, 2020-05-05, 0.165, 0.165, 0.17, 0.165, 252437
rlt, 2020-05-05, 0.92, 0.97, 0.982, 0.91, 10104
k2f, 2020-05-05, 0.2, 0.2, 0.2, 0.185, 69721
auc, 2020-05-05, 0.015, 0.015, 0.015, 0.014, 1780000
ptx, 2020-05-05, 0.042, 0.042, 0.042, 0.04, 872083
gwr, 2020-05-05, 0.065, 0.065, 0.065, 0.065, 100000
dkm, 2020-05-05, 0.14, 0.14, 0.14, 0.14, 300000
ajq, 2020-05-05, 0.031, 0.028, 0.031, 0.028, 920066
rdh, 2020-05-05, 0.535, 0.535, 0.535, 0.535, 2800
xf1, 2020-05-05, 0.1, 0.092, 0.1, 0.091, 701042
egr, 2020-05-05, 0.055, 0.055, 0.055, 0.055, 9
sya, 2020-05-05, 0.007, 0.006, 0.007, 0.006, 29782142
gsn, 2020-05-05, 0.042, 0.048, 0.048, 0.042, 87188
cwx, 2020-05-05, 0.2, 0.205, 0.205, 0.195, 161630
sor, 2020-05-05, 0.051, 0.055, 0.055, 0.05, 342082
au8, 2020-05-05, 0.055, 0.052, 0.057, 0.052, 219904
cgb, 2020-05-05, 0.007, 0.007, 0.007, 0.007, 1880336
vr1, 2020-05-05, 0.018, 0.019, 0.019, 0.018, 550000
fpp, 2020-05-05, 0.69, 0.685, 0.69, 0.685, 54097
blg, 2020-05-05, 0.022, 0.022, 0.023, 0.022, 1014197
lex, 2020-05-05, 0.155, 0.155, 0.155, 0.155, 12945
mep, 2020-05-05, 0.043, 0.042, 0.045, 0.04, 1247020
frm, 2020-05-05, 0.27, 0.28, 0.28, 0.27, 925
xpl, 2020-05-05, 0.045, 0.051, 0.051, 0.045, 84278
em2, 2020-05-05, 0.13, 0.13, 0.13, 0.13, 38308
cdx, 2020-05-05, 0.022, 0.02, 0.022, 0.02, 1607601
vxr, 2020-05-05, 0.067, 0.053, 0.067, 0.053, 439121
lny, 2020-05-05, 0.004, 0.004, 0.004, 0.004, 3750000
drx, 2020-05-05, 0.007, 0.008, 0.008, 0.007, 423316
vn8, 2020-05-05, 0.13, 0.11, 0.135, 0.11, 520443
cph, 2020-05-05, 0.068, 0.066, 0.07, 0.066, 790650
gml, 2020-05-05, 0.011, 0.011, 0.011, 0.011, 1561600
cxz, 2020-05-05, 0.017, 0.017, 0.017, 0.017, 304763
vys, 2020-05-05, 0.053, 0.055, 0.056, 0.052, 90822
rdg, 2020-05-05, 0.024, 0.023, 0.024, 0.022, 974908
ktg, 2020-05-05, 0.145, 0.14, 0.16, 0.14, 246629
pmy, 2020-05-05, 0.004, 0.005, 0.005, 0.004, 2410001
adr, 2020-05-05, 0.03, 0.029, 0.03, 0.029, 290000
asn, 2020-05-05, 0.021, 0.024, 0.033, 0.021, 11530873
esh, 2020-05-05, 0.008, 0.007, 0.008, 0.007, 693600
nwe, 2020-05-05, 0.002, 0.003, 0.003, 0.002, 485250
al3, 2020-05-05, 0.185, 0.18, 0.195, 0.18, 619982
ccz, 2020-05-05, 0.017, 0.017, 0.017, 0.017, 633823
tlm, 2020-05-05, 0.085, 0.075, 0.085, 0.075, 358671
pnc, 2020-05-05, 0.23, 0.22, 0.24, 0.22, 776599
tmt, 2020-05-05, 0.13, 0.13, 0.13, 0.13, 72200
ags, 2020-05-05, 0.09, 0.09, 0.09, 0.09, 10000
vmg, 2020-05-05, 0.002, 0.002, 0.002, 0.002, 300000
wbe, 2020-05-05, 0.005, 0.004, 0.005, 0.004, 1319627
anl, 2020-05-05, 0.002, 0.002, 0.002, 0.001, 1125000
ecg, 2020-05-05, 0.025, 0.022, 0.025, 0.022, 52000
sva, 2020-05-05, 0.024, 0.024, 0.024, 0.024, 6747
mei, 2020-05-05, 0.012, 0.012, 0.012, 0.012, 3361873
rml, 2020-05-05, 0.063, 0.065, 0.066, 0.063, 1485098
znc, 2020-05-05, 0.055, 0.055, 0.055, 0.055, 10000
dtz, 2020-05-05, 0.045, 0.045, 0.045, 0.045, 46903
nyr, 2020-05-05, 0.175, 0.175, 0.18, 0.175, 67404
fex, 2020-05-05, 0.052, 0.048, 0.052, 0.045, 8693295
sau, 2020-05-05, 0.12, 0.12, 0.12, 0.12, 42000
kss, 2020-05-05, 0.185, 0.185, 0.185, 0.18, 255855
clb, 2020-05-05, 0.065, 0.065, 0.065, 0.065, 14042
oau, 2020-05-05, 0.018, 0.02, 0.02, 0.018, 140000
knm, 2020-05-05, 0.016, 0.017, 0.018, 0.016, 3244710
mob, 2020-05-05, 0.05, 0.05, 0.05, 0.05, 125059
osp, 2020-05-05, 0.01, 0.01, 0.01, 0.01, 2488804
ave, 2020-05-05, 0.008, 0.008, 0.009, 0.008, 3049253
1st, 2020-05-05, 0.029, 0.03, 0.03, 0.029, 547413
dvn, 2020-05-05, 0.08, 0.08, 0.08, 0.08, 10000
caf, 2020-05-05, 0.088, 0.088, 0.088, 0.081, 4839
ex1, 2020-05-05, 0.21, 0.21, 0.21, 0.21, 15500
fyi, 2020-05-05, 0.06, 0.059, 0.061, 0.058, 766301
bar, 2020-05-05, 0.02, 0.021, 0.021, 0.02, 165305
ipt, 2020-05-05, 0.008, 0.008, 0.008, 0.008, 2002670
ihr, 2020-05-05, 0.068, 0.064, 0.068, 0.064, 38036
3da, 2020-05-05, 0.16, 0.16, 0.16, 0.16, 31696
blv, 2020-05-05, 0.2, 0.2, 0.2, 0.2, 7333
rvs, 2020-05-05, 0.39, 0.38, 0.39, 0.38, 11101
boa, 2020-05-05, 0.18, 0.22, 0.22, 0.18, 48082
nwc, 2020-05-05, 0.013, 0.014, 0.014, 0.013, 1129200
acb, 2020-05-05, 0.016, 0.014, 0.017, 0.014, 432290
euc, 2020-05-05, 0.016, 0.016, 0.018, 0.016, 1921989
ibx, 2020-05-05, 0.016, 0.016, 0.017, 0.015, 13398718
mwr, 2020-05-05, 0.084, 0.086, 0.086, 0.084, 124427
azs, 2020-05-05, 0.075, 0.075, 0.08, 0.075, 93294
lcl, 2020-05-05, 0.053, 0.052, 0.063, 0.05, 9661964
vms, 2020-05-05, 0.015, 0.015, 0.015, 0.014, 1284900
rnt, 2020-05-05, 0.039, 0.04, 0.04, 0.039, 356435
wnb, 2020-05-05, 0.012, 0.011, 0.013, 0.011, 29900754
psz, 2020-05-05, 0.024, 0.024, 0.024, 0.024, 279095
hnr, 2020-05-05, 0.006, 0.006, 0.006, 0.006, 330841
oli, 2020-05-05, 0.042, 0.044, 0.044, 0.042, 1395631
abx, 2020-05-05, 0.082, 0.081, 0.082, 0.081, 44500
ges, 2020-05-05, 0.012, 0.015, 0.015, 0.012, 250892
hmx, 2020-05-05, 0.022, 0.021, 0.022, 0.021, 97618
scl, 2020-05-05, 0.013, 0.013, 0.017, 0.013, 13625949
mpw, 2020-05-05, 0.036, 0.036, 0.036, 0.036, 42900
ksm, 2020-05-05, 1.67, 1.67, 1.67, 1.67, 8000
bux, 2020-05-05, 0.092, 0.084, 0.092, 0.084, 59294
arq, 2020-05-05, 0.095, 0.093, 0.095, 0.092, 213602
c6c, 2020-05-05, 0.51, 0.515, 0.515, 0.51, 8706
mhc, 2020-05-05, 0.009, 0.01, 0.01, 0.009, 7844471
wsi, 2020-05-05, 0.012, 0.012, 0.012, 0.012, 180000
bsm, 2020-05-05, 0.004, 0.004, 0.004, 0.004, 1107117
kai, 2020-05-05, 0.01, 0.011, 0.011, 0.01, 2203637
1ad, 2020-05-05, 0.068, 0.068, 0.07, 0.063, 334165
cce, 2020-05-05, 0.001, 0.001, 0.001, 0.001, 3628500
clz, 2020-05-05, 0.002, 0.001, 0.002, 0.001, 1809023
cgn, 2020-05-05, 0.009, 0.009, 0.009, 0.009, 167402
wel, 2020-05-05, 0.017, 0.016, 0.017, 0.016, 548065
ovt, 2020-05-05, 0.02, 0.015, 0.02, 0.015, 537085
ixr, 2020-05-05, 0.005, 0.005, 0.005, 0.005, 1566666
8co, 2020-05-05, 0.059, 0.059, 0.059, 0.059, 10000
ce1, 2020-05-05, 0.005, 0.005, 0.005, 0.005, 590679
en1, 2020-05-05, 0.012, 0.012, 0.012, 0.012, 2157240
nsb, 2020-05-05, 0.19, 0.18, 0.19, 0.18, 28000
nwm, 2020-05-05, 0.15, 0.18, 0.18, 0.15, 70721
mse, 2020-05-05, 0.009, 0.009, 0.009, 0.009, 1136994
msr, 2020-05-05, 0.004, 0.004, 0.004, 0.003, 50972283
rnu, 2020-05-05, 0.006, 0.008, 0.008, 0.006, 202175
teg, 2020-05-05, 0.029, 0.029, 0.029, 0.029, 52000
vrc, 2020-05-05, 0.006, 0.006, 0.006, 0.006, 180000
rgi, 2020-05-05, 0.072, 0.07, 0.072, 0.07, 55345
tsc, 2020-05-05, 0.006, 0.007, 0.007, 0.006, 240000
stm, 2020-05-05, 0.006, 0.006, 0.006, 0.006, 194445
cl8, 2020-05-05, 0.009, 0.009, 0.009, 0.009, 128000
lpe, 2020-05-05, 0.205, 0.205, 0.205, 0.205, 10500
ptr, 2020-05-05, 0.06, 0.06, 0.06, 0.06, 50000
gtr, 2020-05-05, 0.019, 0.022, 0.022, 0.015, 130304117
cxu, 2020-05-05, 0.027, 0.027, 0.027, 0.027, 50000
hcd, 2020-05-05, 0.022, 0.03, 0.03, 0.022, 40000
ivr, 2020-05-05, 0.012, 0.012, 0.012, 0.012, 48171
cbe, 2020-05-05, 0.175, 0.175, 0.175, 0.175, 13722
nvu, 2020-05-05, 0.069, 0.12, 0.225, 0.069, 19276789
msm, 2020-05-05, 0.012, 0.012, 0.012, 0.01, 1946867
one, 2020-05-05, 0.056, 0.058, 0.058, 0.056, 77411
vul, 2020-05-05, 0.22, 0.21, 0.22, 0.2, 105116
kno, 2020-05-05, 0.067, 0.067, 0.067, 0.067, 15000
ucw, 2020-05-05, 0.086, 0.084, 0.086, 0.084, 10826
eqe, 2020-05-05, 0.007, 0.007, 0.007, 0.007, 182353
kgm, 2020-05-05, 0.01, 0.011, 0.011, 0.01, 417454
jcs, 2020-05-05, 0.03, 0.03, 0.03, 0.03, 294847
mio, 2020-05-05, 0.096, 0.096, 0.096, 0.096, 12000
kis, 2020-05-05, 0.037, 0.037, 0.037, 0.037, 134076
cto, 2020-05-05, 0.004, 0.004, 0.004, 0.004, 600000
acu, 2020-05-05, 0.065, 0.062, 0.065, 0.062, 61201
afl, 2020-05-05, 0.17, 0.16, 0.17, 0.16, 20000
sho, 2020-05-05, 0.029, 0.029, 0.029, 0.028, 277036
grl, 2020-05-05, 0.12, 0.14, 0.155, 0.12, 949136
cwl, 2020-05-05, 0.075, 0.075, 0.075, 0.075, 25000
pfg, 2020-05-05, 0.049, 0.049, 0.049, 0.049, 52408
aqd, 2020-05-05, 0.013, 0.014, 0.014, 0.013, 1090920
abv, 2020-05-05, 0.025, 0.025, 0.025, 0.025, 100000
mel, 2020-05-05, 0.024, 0.024, 0.024, 0.024, 16179
ven, 2020-05-05, 0.046, 0.042, 0.046, 0.042, 268612
sbw, 2020-05-05, 0.07, 0.067, 0.07, 0.067, 395000
gul, 2020-05-05, 0.06, 0.06, 0.06, 0.06, 84285
may, 2020-05-05, 0.004, 0.004, 0.004, 0.003, 872262
rhy, 2020-05-05, 0.091, 0.091, 0.091, 0.091, 86267
hyd, 2020-05-05, 0.105, 0.115, 0.115, 0.105, 9800
pft, 2020-05-05, 0.215, 0.205, 0.215, 0.2, 462545
bee, 2020-05-05, 0.013, 0.013, 0.013, 0.013, 39000
rim, 2020-05-05, 0.005, 0.006, 0.006, 0.005, 15887549
ree, 2020-05-05, 0.027, 0.029, 0.03, 0.027, 583625
ard, 2020-05-05, 0.014, 0.014, 0.014, 0.014, 705451
cp1, 2020-05-05, 0.095, 0.095, 0.095, 0.095, 1284
dre, 2020-05-05, 0.006, 0.005, 0.006, 0.005, 17496643
aou, 2020-05-05, 0.053, 0.058, 0.058, 0.053, 34426
azi, 2020-05-05, 0.004, 0.004, 0.004, 0.004, 15214500
mtc, 2020-05-05, 0.16, 0.16, 0.16, 0.155, 242541
mey, 2020-05-05, 0.066, 0.067, 0.07, 0.065, 301467
a3d, 2020-05-05, 0.077, 0.074, 0.077, 0.074, 85216
cpv, 2020-05-05, 0.12, 0.12, 0.12, 0.12, 12933
apv, 2020-05-05, 0.17, 0.15, 0.17, 0.15, 55288
whk, 2020-05-05, 0.056, 0.054, 0.056, 0.054, 413343
gmr, 2020-05-05, 0.007, 0.007, 0.007, 0.007, 489630
adx, 2020-05-05, 0.005, 0.005, 0.005, 0.005, 1598566
hwk, 2020-05-05, 0.005, 0.008, 0.008, 0.005, 11874085
cfo, 2020-05-05, 0.05, 0.044, 0.05, 0.044, 26500
cr1, 2020-05-05, 0.23, 0.24, 0.25, 0.23, 107000
pm1, 2020-05-05, 0.013, 0.014, 0.014, 0.012, 3468202
fpl, 2020-05-05, 0.003, 0.004, 0.004, 0.003, 310000
avc, 2020-05-05, 0.21, 0.185, 0.21, 0.185, 26984
yrl, 2020-05-05, 0.175, 0.185, 0.19, 0.175, 184158
odm, 2020-05-05, 0.035, 0.032, 0.035, 0.032, 375921
qgl, 2020-05-05, 0.037, 0.037, 0.037, 0.037, 13000
caz, 2020-05-05, 0.023, 0.023, 0.023, 0.023, 100000
cym, 2020-05-05, 0.145, 0.145, 0.145, 0.145, 18650
sw1, 2020-05-05, 0.018, 0.018, 0.018, 0.018, 225000
epm, 2020-05-05, 0.006, 0.006, 0.007, 0.006, 3657868
awn, 2020-05-05, 0.05, 0.05, 0.05, 0.047, 247457
laa, 2020-05-05, 0.012, 0.011, 0.012, 0.01, 14902903
rlg, 2020-05-05, 0.023, 0.023, 0.024, 0.022, 1181895
pec, 2020-05-05, 0.027, 0.022, 0.027, 0.02, 605000
ici, 2020-05-05, 0.023, 0.023, 0.023, 0.023, 25000
buy, 2020-05-05, 0.009, 0.008, 0.01, 0.008, 3500607
dmkt, 2020-05-05, 2.1, 2.1, 2.1, 2.1, 9696
lin, 2020-05-05, 0.014, 0.013, 0.014, 0.013, 3037039
tnr, 2020-05-05, 0.018, 0.018, 0.019, 0.018, 1539805
hsc, 2020-05-05, 0.005, 0.005, 0.006, 0.005, 1957429
wrm, 2020-05-05, 0.003, 0.004, 0.004, 0.003, 643334
aul, 2020-05-05, 0.255, 0.22, 0.255, 0.22, 10125
vti, 2020-05-05, 0.016, 0.016, 0.016, 0.016, 400001
lct, 2020-05-05, 0.013, 0.013, 0.013, 0.013, 91620
ibg, 2020-05-05, 0.009, 0.008, 0.009, 0.008, 1930000
ncl, 2020-05-05, 0.028, 0.028, 0.028, 0.028, 9620
bdg, 2020-05-05, 0.065, 0.065, 0.065, 0.065, 17000
jxt, 2020-05-05, 0.04, 0.045, 0.045, 0.04, 211258
erl, 2020-05-05, 0.009, 0.009, 0.009, 0.009, 327617
inf, 2020-05-05, 0.03, 0.03, 0.03, 0.03, 46598
adv, 2020-05-05, 0.004, 0.004, 0.004, 0.004, 219395
aph, 2020-05-05, 0.145, 0.145, 0.145, 0.145, 4105
mbk, 2020-05-05, 0.011, 0.008, 0.011, 0.008, 10487246
srk, 2020-05-05, 0.042, 0.042, 0.042, 0.042, 40000
kta, 2020-05-05, 0.031, 0.032, 0.032, 0.03, 1054593
meb, 2020-05-05, 0.008, 0.007, 0.008, 0.007, 705474
cnb, 2020-05-05, 0.072, 0.072, 0.072, 0.072, 171775
czl, 2020-05-05, 0.004, 0.004, 0.004, 0.004, 250000
oex, 2020-05-05, 0.003, 0.002, 0.003, 0.002, 2061000
key, 2020-05-05, 0.004, 0.004, 0.004, 0.004, 1826305
cla, 2020-05-05, 0.01, 0.009, 0.01, 0.008, 1867945
cm8, 2020-05-05, 0.022, 0.022, 0.022, 0.022, 31500
pwn, 2020-05-05, 0.004, 0.004, 0.004, 0.004, 443000
go2, 2020-05-05, 0.049, 0.047, 0.059, 0.046, 8733782
sud, 2020-05-05, 0.047, 0.047, 0.047, 0.047, 22000
pxx, 2020-05-05, 0.017, 0.016, 0.017, 0.016, 547054
xtc, 2020-05-05, 0.002, 0.002, 0.002, 0.002, 3445000
rez, 2020-05-05, 0.017, 0.017, 0.019, 0.017, 8864058
bat, 2020-05-05, 0.005, 0.005, 0.005, 0.005, 1200000
cio, 2020-05-05, 0.026, 0.027, 0.027, 0.026, 145000
gbp, 2020-05-05, 0.029, 0.032, 0.032, 0.029, 64000
scu, 2020-05-05, 0.01, 0.01, 0.01, 0.01, 100000
hmd, 2020-05-05, 0.11, 0.1, 0.12, 0.1, 26150
nor, 2020-05-05, 0.027, 0.027, 0.027, 0.027, 73003
mrq, 2020-05-05, 0.007, 0.006, 0.007, 0.006, 3784766
are, 2020-05-05, 0.005, 0.004, 0.005, 0.004, 3810000
tmr, 2020-05-05, 0.19, 0.18, 0.205, 0.18, 898298
ht8, 2020-05-05, 0.037, 0.033, 0.038, 0.033, 826252
kau, 2020-05-05, 0.27, 0.25, 0.27, 0.25, 528648
smi, 2020-05-05, 0.003, 0.003, 0.003, 0.003, 4537957
egl, 2020-05-05, 0.028, 0.028, 0.028, 0.028, 15000
aqc, 2020-05-05, 0.12, 0.12, 0.12, 0.12, 9557
aly, 2020-05-05, 0.011, 0.011, 0.011, 0.011, 156463
czn, 2020-05-05, 0.003, 0.002, 0.003, 0.002, 961638
dvl, 2020-05-05, 0.027, 0.026, 0.028, 0.026, 735215
rle, 2020-05-05, 0.019, 0.017, 0.019, 0.017, 247500
arn, 2020-05-05, 0.13, 0.12, 0.13, 0.12, 328309
aee, 2020-05-05, 0.004, 0.003, 0.004, 0.003, 19599999
ypb, 2020-05-05, 0.003, 0.003, 0.003, 0.003, 845000
atx, 2020-05-05, 0.088, 0.088, 0.088, 0.088, 10915
sri, 2020-05-05, 0.041, 0.041, 0.041, 0.041, 11686
se1, 2020-05-05, 0.02, 0.018, 0.02, 0.018, 722967
ady, 2020-05-05, 0.005, 0.005, 0.005, 0.005, 10000
dw8, 2020-05-05, 0.006, 0.005, 0.006, 0.005, 13161602
emd, 2020-05-05, 0.071, 0.069, 0.071, 0.069, 191339
jdr, 2020-05-05, 0.011, 0.011, 0.011, 0.011, 399861
amd, 2020-05-05, 0.006, 0.006, 0.006, 0.006, 64000
dau, 2020-05-05, 0.024, 0.024, 0.024, 0.024, 70169
vr8, 2020-05-05, 0.016, 0.015, 0.016, 0.015, 210965
pgm, 2020-05-05, 0.015, 0.017, 0.017, 0.015, 2357982
awv, 2020-05-05, 0.009, 0.008, 0.012, 0.008, 3975440
ncr, 2020-05-05, 0.007, 0.007, 0.007, 0.007, 18333
icn, 2020-05-05, 0.009, 0.009, 0.009, 0.009, 120000
gib, 2020-05-05, 0.03, 0.03, 0.03, 0.03, 46000
sp3, 2020-05-05, 0.062, 0.07, 0.07, 0.062, 297985
mrz, 2020-05-05, 0.16, 0.16, 0.16, 0.16, 7551
ent, 2020-05-05, 0.011, 0.011, 0.011, 0.011, 342124
cap, 2020-05-05, 0.022, 0.019, 0.022, 0.019, 520000
cad, 2020-05-05, 0.002, 0.001, 0.002, 0.001, 6000023
ayr, 2020-05-05, 0.016, 0.016, 0.016, 0.016, 308794
cau, 2020-05-05, 0.091, 0.105, 0.11, 0.088, 106205
emu, 2020-05-05, 0.015, 0.017, 0.017, 0.015, 294500
bas, 2020-05-05, 0.002, 0.001, 0.002, 0.001, 8382790
brk, 2020-05-05, 0.004, 0.005, 0.005, 0.004, 6425555
crl, 2020-05-05, 0.012, 0.013, 0.013, 0.012, 120000
dhr, 2020-05-05, 0.002, 0.002, 0.002, 0.002, 113335
xcd, 2020-05-05, 0.008, 0.007, 0.008, 0.007, 1162857
sop, 2020-05-05, 0.022, 0.022, 0.022, 0.022, 41241
nzs, 2020-05-05, 0.016, 0.016, 0.016, 0.016, 220000
em1, 2020-05-05, 0.007, 0.007, 0.007, 0.007, 200000
man, 2020-05-05, 0.018, 0.019, 0.019, 0.018, 2216381
mnw, 2020-05-05, 0.006, 0.005, 0.006, 0.005, 5522067
fij, 2020-05-05, 0.06, 0.06, 0.06, 0.06, 100000
sry, 2020-05-05, 0.012, 0.012, 0.012, 0.012, 8500000
emt, 2020-05-05, 0.011, 0.011, 0.011, 0.011, 239217
gsm, 2020-05-05, 0.14, 0.14, 0.14, 0.14, 133699
dxn, 2020-05-05, 0.009, 0.009, 0.01, 0.009, 3300000
icg, 2020-05-05, 0.002, 0.001, 0.002, 0.001, 3207522
sgc, 2020-05-05, 0.019, 0.015, 0.019, 0.015, 735800
qfy, 2020-05-05, 0.002, 0.002, 0.002, 0.002, 250000
chk, 2020-05-05, 0.006, 0.006, 0.006, 0.006, 10976615
fnt, 2020-05-05, 0.008, 0.008, 0.008, 0.008, 100636
hlx, 2020-05-05, 0.006, 0.008, 0.008, 0.006, 1363559
bem, 2020-05-05, 0.034, 0.034, 0.034, 0.034, 30000
tzl, 2020-05-05, 0.045, 0.042, 0.047, 0.042, 230049
ser, 2020-05-05, 0.004, 0.004, 0.004, 0.004, 24750
sxa, 2020-05-05, 0.036, 0.045, 0.045, 0.036, 89337
aym, 2020-05-05, 0.002, 0.002, 0.002, 0.002, 328350
spq, 2020-05-05, 0.004, 0.005, 0.005, 0.004, 320690
bnl, 2020-05-05, 0.006, 0.005, 0.007, 0.005, 15499772
tmx, 2020-05-05, 0.005, 0.005, 0.005, 0.005, 190000
age, 2020-05-05, 0.002, 0.002, 0.002, 0.002, 1167000
amo, 2020-05-05, 0.042, 0.046, 0.046, 0.042, 445070
kp2, 2020-05-05, 0.015, 0.017, 0.017, 0.015, 100968
dlc, 2020-05-05, 0.004, 0.005, 0.005, 0.004, 1533564
cgo, 2020-05-05, 0.09, 0.09, 0.09, 0.09, 100000
dcx, 2020-05-05, 0.004, 0.003, 0.004, 0.003, 8926780
mgt, 2020-05-05, 0.002, 0.001, 0.002, 0.001, 5750000
sci, 2020-05-05, 0.009, 0.009, 0.01, 0.009, 892700
bpl, 2020-05-05, 0.015, 0.013, 0.015, 0.013, 163000
ran, 2020-05-05, 0.009, 0.009, 0.009, 0.009, 300000
ims, 2020-05-05, 0.004, 0.004, 0.004, 0.004, 132500
kmt, 2020-05-05, 0.005, 0.005, 0.005, 0.005, 500000
crs, 2020-05-05, 0.115, 0.11, 0.115, 0.11, 105000
mcx, 2020-05-05, 0.066, 0.066, 0.066, 0.066, 47
qem, 2020-05-05, 0.07, 0.079, 0.079, 0.07, 236641
vic, 2020-05-05, 0.001, 0.001, 0.001, 0.001, 49874220
pua, 2020-05-05, 0.013, 0.014, 0.014, 0.013, 283874
srz, 2020-05-05, 0.007, 0.007, 0.007, 0.007, 57500
tmg, 2020-05-05, 0.076, 0.076, 0.076, 0.076, 13000
ana, 2020-05-05, 0.005, 0.006, 0.006, 0.005, 4563352
arm, 2020-05-05, 0.013, 0.013, 0.013, 0.013, 140536
ao1, 2020-05-05, 0.01, 0.01, 0.011, 0.009, 1638955
svd, 2020-05-05, 0.01, 0.01, 0.01, 0.01, 120000
pkd, 2020-05-05, 0.04, 0.04, 0.04, 0.04, 86357
msg, 2020-05-05, 0.016, 0.016, 0.016, 0.016, 450000
eax, 2020-05-05, 0.115, 0.115, 0.115, 0.115, 4500
tbl, 2020-05-05, 0.15, 0.15, 0.15, 0.15, 179999
li3, 2020-05-05, 0.022, 0.02, 0.022, 0.02, 687539
mth, 2020-05-05, 0.006, 0.006, 0.006, 0.006, 15000
pnn, 2020-05-05, 0.002, 0.002, 0.002, 0.002, 480050
moh, 2020-05-05, 0.069, 0.067, 0.069, 0.066, 700378
cy5, 2020-05-05, 0.042, 0.042, 0.042, 0.042, 129750
roo, 2020-05-05, 0.02, 0.02, 0.02, 0.02, 17522
anw, 2020-05-05, 0.001, 0.001, 0.001, 0.001, 1985050
byh, 2020-05-05, 0.028, 0.028, 0.028, 0.028, 17250
ddd, 2020-05-05, 0.002, 0.002, 0.002, 0.001, 29108607
lsh, 2020-05-05, 0.036, 0.032, 0.036, 0.032, 61844
gnm, 2020-05-05, 0.006, 0.006, 0.006, 0.006, 720561
wml, 2020-05-05, 0.015, 0.015, 0.015, 0.014, 756831
rne, 2020-05-05, 0.022, 0.022, 0.022, 0.022, 3978
rmx, 2020-05-05, 0.003, 0.003, 0.003, 0.003, 664001
nc6, 2020-05-05, 0.036, 0.035, 0.036, 0.035, 227353
rdn, 2020-05-05, 0.006, 0.006, 0.006, 0.006, 1403334
atp, 2020-05-05, 0.006, 0.006, 0.006, 0.006, 45833
cfe, 2020-05-05, 0.002, 0.002, 0.002, 0.002, 4000000
gte, 2020-05-05, 0.002, 0.002, 0.002, 0.001, 18459436
ip1, 2020-05-05, 0.008, 0.008, 0.008, 0.008, 34310
tym, 2020-05-05, 0.035, 0.032, 0.036, 0.032, 577264
wcn, 2020-05-05, 0.005, 0.005, 0.005, 0.005, 220000
grv, 2020-05-05, 0.022, 0.022, 0.022, 0.022, 69446
kor, 2020-05-05, 0.007, 0.007, 0.007, 0.007, 343954
tkm, 2020-05-05, 0.013, 0.013, 0.013, 0.013, 46270
fam, 2020-05-05, 0.038, 0.034, 0.038, 0.032, 4524759
opl, 2020-05-05, 0.073, 0.073, 0.073, 0.073, 10109
xst, 2020-05-05, 0.002, 0.001, 0.002, 0.001, 1000000
fau, 2020-05-05, 0.008, 0.008, 0.008, 0.008, 489350
rxh, 2020-05-05, 0.004, 0.004, 0.004, 0.004, 27512
sf1, 2020-05-05, 0.013, 0.013, 0.013, 0.013, 63
tmz, 2020-05-05, 0.017, 0.017, 0.017, 0.017, 100000
cmd, 2020-05-05, 0.007, 0.007, 0.007, 0.007, 31250
ged, 2020-05-05, 0.006, 0.007, 0.009, 0.006, 10426053
val, 2020-05-05, 0.001, 0.001, 0.001, 0.001, 200000
gla, 2020-05-05, 0.001, 0.001, 0.001, 0.001, 9400000
mrr, 2020-05-05, 0.009, 0.009, 0.009, 0.009, 435252
nes, 2020-05-05, 0.035, 0.035, 0.035, 0.035, 12000
mct, 2020-05-05, 0.003, 0.002, 0.003, 0.002, 629836
ign, 2020-05-05, 0.021, 0.02, 0.022, 0.02, 104002
xpe, 2020-05-05, 0.002, 0.001, 0.002, 0.001, 4230050
ese, 2020-05-05, 0.009, 0.009, 0.009, 0.009, 112000
idz, 2020-05-05, 0.004, 0.005, 0.005, 0.004, 255100
dor, 2020-05-05, 0.029, 0.029, 0.029, 0.029, 153278
trl, 2020-05-05, 0.014, 0.018, 0.018, 0.014, 252000
tao, 2020-05-05, 0.058, 0.053, 0.058, 0.052, 620916
g88, 2020-05-05, 0.023, 0.023, 0.023, 0.023, 412452
oar, 2020-05-05, 0.003, 0.002, 0.003, 0.002, 20735228
rfn, 2020-05-05, 0.001, 0.001, 0.002, 0.001, 6970301
abt, 2020-05-05, 0.018, 0.018, 0.018, 0.018, 85000
biq, 2020-05-05, 0.004, 0.004, 0.005, 0.004, 1353940
thr, 2020-05-05, 0.007, 0.006, 0.007, 0.005, 3095289
prm, 2020-05-05, 0.001, 0.001, 0.001, 0.001, 2332000
mxr, 2020-05-05, 0.031, 0.03, 0.031, 0.029, 686662
sbr, 2020-05-05, 0.001, 0.001, 0.001, 0.001, 492525
rag, 2020-05-05, 0.004, 0.004, 0.004, 0.004, 100000
efe, 2020-05-05, 0.003, 0.003, 0.003, 0.003, 200000
ax8, 2020-05-05, 0.02, 0.02, 0.02, 0.02, 58000
fgo, 2020-05-05, 0.001, 0.001, 0.001, 0.001, 1750000
lrs, 2020-05-05, 0.003, 0.003, 0.003, 0.002, 1514306
rlc, 2020-05-05, 0.002, 0.002, 0.002, 0.002, 150000
aib, 2020-05-05, 0.11, 0.11, 0.11, 0.11, 10000
uuv, 2020-05-05, 0.001, 0.001, 0.001, 0.001, 263500
aoa, 2020-05-05, 0.001, 0.001, 0.001, 0.001, 330000
cpt, 2020-05-05, 0.014, 0.014, 0.014, 0.014, 100000
